Time,CHO,CH2O2,FRR_value,lm
0.0,8.726878291529156e-12,635783.9416736466,6.884517749185558e-08,0.0178
0.001001001001001001,8.726878291529156e-12,635783.9416736466,6.884517749185558e-08,0.017589896062245612
0.002002002002002002,8.726878291529156e-12,635783.9416736466,6.803255710497702e-08,0.017382272105651894
0.003003003003003003,8.726878291529156e-12,635783.9416736466,6.722952855760311e-08,0.017177098857533032
0.004004004004004004,8.726878291529156e-12,635783.9416736466,6.643597863157369e-08,0.016974347390726063
0.005005005005005005,8.726878291529156e-12,635783.9416736466,6.565179544510965e-08,0.01677398911951244
0.006006006006006006,8.726878291529156e-12,635783.9416736466,6.487686843703868e-08,0.01657599579558779
0.007007007007007007,8.726878291529156e-12,635783.9416736466,6.41110883512075e-08,0.016380339504079185
0.008008008008008008,8.726878291529156e-12,635783.9416736466,6.335434722107782e-08,0.01618699265960948
0.009009009009009009,8.726878291529156e-12,635783.9416736466,6.260653835450439e-08,0.015995928002408056
0.01001001001001001,8.726878291529156e-12,635783.9416736466,6.186755631869247e-08,0.015807118594467515
0.011011011011011011,8.726878291529156e-12,635783.9416736466,6.113729692533297e-08,0.015620537815745706
0.012012012012012012,8.726878291529156e-12,635783.9416736466,6.041565721591323e-08,0.015436159360412588
0.013013013013013013,8.726878291529156e-12,635783.9416736466,5.970253544720073e-08,0.015253957233141413
0.014014014014014014,8.726878291529156e-12,635783.9416736466,5.89978310768986e-08,0.015073905745443658
0.015015015015015015,8.726878291529156e-12,635783.9416736466,5.830144474947025e-08,0.014895979512047243
0.016016016016016016,8.726878291529156e-12,635783.9416736466,5.761327828213129e-08,0.01472015344731748
0.017017017017017015,8.726878291529156e-12,635783.9416736466,5.6933234651006845e-08,0.014546402761720277
0.018018018018018018,8.726878291529156e-12,635783.9416736466,5.6261217977452294e-08,0.014374702958327091
0.01901901901901902,8.726878291529156e-12,635783.9416736466,5.559713351453541e-08,0.014205029829361126
0.02002002002002002,8.726878291529156e-12,635783.9416736466,5.494088763367808e-08,0.014037359452784311
0.02102102102102102,8.726878291529156e-12,635783.9416736466,5.429238781145578e-08,0.01387166818892455
0.022022022022022022,8.726878291529156e-12,635783.9416736466,5.365154261655267e-08,0.01370793267714279
0.023023023023023025,8.726878291529156e-12,635783.9416736466,5.301826169687093e-08,0.013546129832539434
0.024024024024024024,8.726878291529156e-12,635783.9416736466,5.2392455766791994e-08,0.013386236842699618
0.025025025025025023,8.726878291529156e-12,635783.9416736466,5.17740365945883e-08,0.013228231164476918
0.026026026026026026,8.726878291529156e-12,635783.9416736466,5.1162916989983646e-08,0.013072090520815014
0.02702702702702703,8.726878291529156e-12,635783.9416736466,5.0559010791860265e-08,0.012917792897606866
0.028028028028028028,8.726878291529156e-12,635783.9416736466,4.996223285611103e-08,0.012765316540590975
0.029029029029029027,8.726878291529156e-12,635783.9416736466,4.937249904363515e-08,0.01261463995228427
0.03003003003003003,8.726878291529156e-12,635783.9416736466,4.878972620847547e-08,0.012465741888951195
0.031031031031031032,8.726878291529156e-12,635783.9416736466,4.8213832186095736e-08,0.012318601357608585
0.03203203203203203,8.726878291529156e-12,635783.9416736466,4.764473578179642e-08,0.012173197613065883
0.03303303303303303,8.726878291529156e-12,635783.9416736466,4.708235675926706e-08,0.012029510155000296
0.03403403403403403,8.726878291529156e-12,635783.9416736466,4.652661582927386e-08,0.011887518725066479
0.035035035035035036,8.726878291529156e-12,635783.9416736466,4.597743463848082e-08,0.011747203304040329
0.036036036036036036,8.726878291529156e-12,635783.9416736466,4.543473575840275e-08,0.011608544108996496
0.037037037037037035,8.726878291529156e-12,635783.9416736466,4.4898442674488675e-08,0.011471521590519212
0.03803803803803804,8.726878291529156e-12,635783.9416736466,4.4368479775334203e-08,0.011336116429946034
0.03903903903903904,8.726878291529156e-12,635783.9416736466,4.384477234202107e-08,0.01120230953664413
0.04004004004004004,8.726878291529156e-12,635783.9416736466,4.332724653758269e-08,0.011070082045318713
0.04104104104104104,8.726878291529156e-12,635783.9416736466,4.281582939659385e-08,0.01093941531335323
0.04204204204204204,8.726878291529156e-12,635783.9416736466,4.231044881488349e-08,0.010810290918180974
0.043043043043043044,8.726878291529156e-12,635783.9416736466,4.1811033539368753e-08,0.010682690654687698
0.044044044044044044,8.726878291529156e-12,635783.9416736466,4.131751315800908e-08,0.010556596532644897
0.04504504504504504,8.726878291529156e-12,635783.9416736466,4.082981808987895e-08,0.01043199077417338
0.04604604604604605,8.726878291529156e-12,635783.9416736466,4.034787957535767e-08,0.010308855811236792
0.04704704704704705,8.726878291529156e-12,635783.9416736466,3.987162966643505e-08,0.01018717428316471
0.04804804804804805,8.726878291529156e-12,635783.9416736466,3.940100121713153e-08,0.010066929034204985
0.04904904904904905,8.726878291529156e-12,635783.9416736466,3.8935927874031274e-08,0.00994810311110496
0.050050050050050046,8.726878291529156e-12,635783.9416736466,3.847634406692707e-08,0.009830679760721262
0.05105105105105105,8.726878291529156e-12,635783.9416736466,3.802218499957572e-08,0.009714642427657785
0.05205205205205205,8.726878291529156e-12,635783.9416736466,3.7573386640562425e-08,0.009599974751931563
0.05305305305305305,8.726878291529156e-12,635783.9416736466,3.712988571427308e-08,0.009486660566666196
0.05405405405405406,8.726878291529156e-12,635783.9416736466,3.669161969197313e-08,0.009374683895812497
0.055055055055055056,8.726878291529156e-12,635783.9416736466,3.625852678299166e-08,0.009264028951896045
0.056056056056056056,8.726878291529156e-12,635783.9416736466,3.583054592600967e-08,0.009154680133791325
0.057057057057057055,8.726878291529156e-12,635783.9416736466,3.540761678045102e-08,0.009046622024522144
0.058058058058058054,8.726878291529156e-12,635783.9416736466,3.4989679717975114e-08,0.008939839389088005
0.05905905905905906,8.726878291529156e-12,635783.9416736466,3.457667581406998e-08,0.008834317172316142
0.06006006006006006,8.726878291529156e-12,635783.9416736466,3.416854683974453e-08,0.008730040496738905
0.06106106106106106,8.726878291529156e-12,635783.9416736466,3.376523525331894e-08,0.008626994660496202
0.062062062062062065,8.726878291529156e-12,635783.9416736466,3.3366684192311884e-08,0.0085251651352627
0.06306306306306306,8.726878291529156e-12,635783.9416736466,3.297283746542358e-08,0.008424537564199492
0.06406406406406406,8.726878291529156e-12,635783.9416736466,3.2583639544613416e-08,0.008325097759929938
0.06506506506506507,8.726878291529156e-12,635783.9416736466,3.219903555727112e-08,0.008226831702539404
0.06606606606606606,8.726878291529156e-12,635783.9416736466,3.181897127848032e-08,0.008129725537598609
0.06706706706706707,8.726878291529156e-12,635783.9416736466,3.1443393123373454e-08,0.0080337655742103
0.06806806806806806,8.726878291529156e-12,635783.9416736466,3.107224813957681e-08,0.007938938283078996
0.06906906906906907,8.726878291529156e-12,635783.9416736466,3.070548399974499e-08,0.007845230294603493
0.07007007007007007,8.726878291529156e-12,635783.9416736466,3.034304899418314e-08,0.007752628396991908
0.07107107107107107,8.726878291529156e-12,635783.9416736466,2.998489202355662e-08,0.00766111953439896
0.07207207207207207,8.726878291529156e-12,635783.9416736466,2.963096259168643e-08,0.007570690805085237
0.07307307307307308,8.726878291529156e-12,635783.9416736466,2.9281210798429906e-08,0.0074813294595981955
0.07407407407407407,8.726878291529156e-12,635783.9416736466,2.8935587332645276e-08,0.007393022898974629
0.07507507507507508,8.726878291529156e-12,635783.9416736466,2.8594043465239386e-08,0.0073057586729643525
0.07607607607607608,8.726878291529156e-12,635783.9416736466,2.825653104229743e-08,0.0072195244782748535
0.07707707707707707,8.726878291529156e-12,635783.9416736466,2.7923002478293732e-08,0.007134308156836666
0.07807807807807808,8.726878291529156e-12,635783.9416736466,2.7593410749382773e-08,0.007050097694089215
0.07907907907907907,8.726878291529156e-12,635783.9416736466,2.7267709386769315e-08,0.006966881217286896
0.08008008008008008,8.726878291529156e-12,635783.9416736466,2.694585247015682e-08,0.006884646993825152
0.08108108108108109,8.726878291529156e-12,635783.9416736466,2.662779462127318e-08,0.006803383429586299
0.08208208208208208,8.726878291529156e-12,635783.9416736466,2.631349099747292e-08,0.006723079067304893
0.08308308308308308,8.726878291529156e-12,635783.9416736466,2.600289728541485e-08,0.006643722584952373
0.08408408408408408,8.726878291529156e-12,635783.9416736466,2.5695969694814374e-08,0.006565302794140786
0.08508508508508508,8.726878291529156e-12,635783.9416736466,2.5392664952269548e-08,0.0064878086385453445
0.08608608608608609,8.726878291529156e-12,635783.9416736466,2.5092940295160015e-08,0.006411229192345608
0.08708708708708708,8.726878291529156e-12,635783.9416736466,2.4796753465617943e-08,0.006335553658685064
0.08808808808808809,8.726878291529156e-12,635783.9416736466,2.450406270457013e-08,0.006260771368148887
0.0890890890890891,8.726878291529156e-12,635783.9416736466,2.4214826745850434e-08,0.006186871777259673
0.09009009009009009,8.726878291529156e-12,635783.9416736466,2.39290048103817e-08,0.006113844466990924
0.09109109109109109,8.726878291529156e-12,635783.9416736466,2.364655660042637e-08,0.006041679141298077
0.0920920920920921,8.726878291529156e-12,635783.9416736466,2.3367442293904933e-08,0.005970365625666882
0.09309309309309309,8.726878291529156e-12,635783.9416736466,2.309162253878146e-08,0.005899893865678902
0.0940940940940941,8.726878291529156e-12,635783.9416736466,2.281905844751539e-08,0.005830253925593953
0.09509509509509509,8.726878291529156e-12,635783.9416736466,2.2549711591578852e-08,0.0057614359869492746
0.0960960960960961,8.726878291529156e-12,635783.9416736466,2.22835439960386e-08,0.005693430347175237
0.0970970970970971,8.726878291529156e-12,635783.9416736466,2.2020518134202035e-08,0.00562622741822738
0.0980980980980981,8.726878291529156e-12,635783.9416736466,2.1760596922326314e-08,0.005559817725234612
0.0990990990990991,8.726878291529156e-12,635783.9416736466,2.1503743714389983e-08,0.005494191905163351
0.10010010010010009,8.726878291529156e-12,635783.9416736466,2.1249922296926245e-08,0.0054293407054974464
0.1011011011011011,8.726878291529156e-12,635783.9416736466,2.0999096883917317e-08,0.005365254982933671
0.1021021021021021,8.726878291529156e-12,635783.9416736466,2.0751232111748947e-08,0.00530192570209262
0.1031031031031031,8.726878291529156e-12,635783.9416736466,2.050629303422458e-08,0.005239343934244819
0.1041041041041041,8.726878291529156e-12,635783.9416736466,2.026424511763829e-08,0.005177500856051875
0.10510510510510511,8.726878291529156e-12,635783.9416736466,2.0025054235905938e-08,0.005116387748322481
0.1061061061061061,8.726878291529156e-12,635783.9416736466,1.978868666575374e-08,0.005055995994783107
0.10710710710710711,8.726878291529156e-12,635783.9416736466,1.9555109081963706e-08,0.004996317080863201
0.10810810810810811,8.726878291529156e-12,635783.9416736466,1.9324288552675105e-08,0.004937342592494725
0.1091091091091091,8.726878291529156e-12,635783.9416736466,1.9096192534741448e-08,0.004879064214925871
0.11011011011011011,8.726878291529156e-12,635783.9416736466,1.8870788869142283e-08,0.0048214737315487675
0.1111111111111111,8.726878291529156e-12,635783.9416736466,1.8648045776449113e-08,0.00476456302274103
0.11211211211211211,8.726878291529156e-12,635783.9416736466,1.8427931852344842e-08,0.004708324064720983
0.11311311311311312,8.726878291529156e-12,635783.9416736466,1.8210416063196128e-08,0.0046527489284163975
0.11411411411411411,8.726878291529156e-12,635783.9416736466,1.7995467741677967e-08,0.004597829778346578
0.11511511511511512,8.726878291529156e-12,635783.9416736466,1.7783056582449956e-08,0.004543558871517645
0.11611611611611611,8.726878291529156e-12,635783.9416736466,1.757315263788356e-08,0.004489928556330862
0.11711711711711711,8.726878291529156e-12,635783.9416736466,1.7365726313839842e-08,0.004436931271503841
0.11811811811811812,8.726878291529156e-12,635783.9416736466,1.7160748365496993e-08,0.004384559545004485
0.11911911911911911,8.726878291529156e-12,635783.9416736466,1.6958189893227152e-08,0.004332805992997517
0.12012012012012012,8.726878291529156e-12,635783.9416736466,1.6758022338521893e-08,0.004281663318803439
0.12112112112112113,8.726878291529156e-12,635783.9416736466,1.6560217479965747e-08,0.004231124311869781
0.12212212212212212,8.726878291529156e-12,635783.9416736466,1.636474742925733e-08,0.004181181846754491
0.12312312312312312,8.726878291529156e-12,635783.9416736466,1.617158462727739e-08,0.00413182888212133
0.12412412412412413,8.726878291529156e-12,635783.9416736466,1.598070184020327e-08,0.004083058459747116
0.12512512512512514,8.726878291529156e-12,635783.9416736466,1.5792072155669253e-08,0.004034863703540698
0.12612612612612611,8.726878291529156e-12,635783.9416736466,1.5605668978972203e-08,0.003987237818573499
0.12712712712712712,8.726878291529156e-12,635783.9416736466,1.5421466029322003e-08,0.003940174090121504
0.12812812812812813,8.726878291529156e-12,635783.9416736466,1.523943733613627e-08,0.0038936658827185638
0.12912912912912913,8.726878291529156e-12,635783.9416736466,1.5059557235378768e-08,0.0038477066392208627
0.13013013013013014,8.726878291529156e-12,635783.9416736466,1.4881800365941096e-08,0.0038022898798824355
0.13113113113113112,8.726878291529156e-12,635783.9416736466,1.4706141666067e-08,0.0037574092014415954
0.13213213213213212,8.726878291529156e-12,635783.9416736466,1.453255636981899e-08,0.0037130582762181434
0.13313313313313313,8.726878291529156e-12,635783.9416736466,1.4361020003586597e-08,0.003669230851221236
0.13413413413413414,8.726878291529156e-12,635783.9416736466,1.4191508382635864e-08,0.003625920747267783
0.13513513513513514,8.726878291529156e-12,635783.9416736466,1.402399760769956e-08,0.00358312185811125
0.13613613613613612,8.726878291529156e-12,635783.9416736466,1.3858464061607666e-08,0.0035408281495807447
0.13713713713713713,8.726878291529156e-12,635783.9416736466,1.3694884405957584e-08,0.0034990336587302673
0.13813813813813813,8.726878291529156e-12,635783.9416736466,1.3533235577823716e-08,0.0034577324929979994
0.13913913913913914,8.726878291529156e-12,635783.9416736466,1.3373494786505821e-08,0.0034169188293755176
0.14014014014014015,8.726878291529156e-12,635783.9416736466,1.3215639510315784e-08,0.003376586913586815
0.14114114114114115,8.726878291529156e-12,635783.9416736466,1.3059647493402314e-08,0.0033367310592770103
0.14214214214214213,8.726878291529156e-12,635783.9416736466,1.2905496742613096e-08,0.0032973456472106355
0.14314314314314314,8.726878291529156e-12,635783.9416736466,1.2753165524394024e-08,0.0032584251244793857
0.14414414414414414,8.726878291529156e-12,635783.9416736466,1.2602632361724997e-08,0.00321996400371922
0.14514514514514515,8.726878291529156e-12,635783.9416736466,1.245387603109189e-08,0.0031819568623367035
0.14614614614614616,8.726878291529156e-12,635783.9416736466,1.2306875559494283e-08,0.003144398341744482
0.14714714714714713,8.726878291529156e-12,635783.9416736466,1.2161610221488501e-08,0.003107283146605781
0.14814814814814814,8.726878291529156e-12,635783.9416736466,1.2018059536265537e-08,0.0030706060440878194
0.14914914914914915,8.726878291529156e-12,635783.9416736466,1.187620326476351e-08,0.00303436186312404
0.15015015015015015,8.726878291529156e-12,635783.9416736466,1.1736021406814167e-08,0.0029985454936850456
0.15115115115115116,8.726878291529156e-12,635783.9416736466,1.1597494198323075e-08,0.002963151886058141
0.15215215215215216,8.726878291529156e-12,635783.9416736466,1.1460602108483114e-08,0.0029281760501353796
0.15315315315315314,8.726878291529156e-12,635783.9416736466,1.1325325837020834e-08,0.0028936130547100127
0.15415415415415415,8.726878291529156e-12,635783.9416736466,1.1191646311475354e-08,0.0028594580267812444
0.15515515515515516,8.726878291529156e-12,635783.9416736466,1.1059544684509322e-08,0.0028257061508671923
0.15615615615615616,8.726878291529156e-12,635783.9416736466,1.0929002331251681e-08,0.0027923526683259568
0.15715715715715717,8.726878291529156e-12,635783.9416736466,1.0800000846671746e-08,0.0027593928766847064
0.15815815815815815,8.726878291529156e-12,635783.9416736466,1.0672522042984304e-08,0.0027268221289766803
0.15915915915915915,8.726878291529156e-12,635783.9416736466,1.0546547947085344e-08,0.002694635833086017
0.16016016016016016,8.726878291529156e-12,635783.9416736466,1.0422060798018036e-08,0.002662829451100318
0.16116116116116116,8.726878291529156e-12,635783.9416736466,1.0299043044468641e-08,0.00263139849867085
0.16216216216216217,8.726878291529156e-12,635783.9416736466,1.0177477342291967e-08,0.002600338544380303
0.16316316316316315,8.726878291529156e-12,635783.9416736466,1.0057346552066033e-08,0.0025696452091180104
0.16416416416416416,8.726878291529156e-12,635783.9416736466,9.938633736675608e-09,0.002539314165462539
0.16516516516516516,8.726878291529156e-12,635783.9416736466,9.82132215892425e-09,0.002509341137071574
0.16616616616616617,8.726878291529156e-12,635783.9416736466,9.705395279174565e-09,0.0024797218980790008
0.16716716716716717,8.726878291529156e-12,635783.9416736466,9.590836753016284e-09,0.002450452272499103
0.16816816816816815,8.726878291529156e-12,635783.9416736466,9.47763042896189e-09,0.0024215281336377966
0.16916916916916916,8.726878291529156e-12,635783.9416736466,9.365760346169432e-09,0.0023929454035108116
0.17017017017017017,8.726878291529156e-12,635783.9416736466,9.255210732192238e-09,0.0023647000522687396
0.17117117117117117,8.726878291529156e-12,635783.9416736466,9.145966000755147e-09,0.0023367880976288705
0.17217217217217218,8.726878291529156e-12,635783.9416736466,9.038010749557034e-09,0.0023092056043137353
0.17317317317317318,8.726878291529156e-12,635783.9416736466,8.931329758099257e-09,0.0022819486834962737
0.17417417417417416,8.726878291529156e-12,635783.9416736466,8.825907985539728e-09,0.0022550134922515543
0.17517517517517517,8.726878291529156e-12,635783.9416736466,8.721730568572327e-09,0.002228396233014963
0.17617617617617617,8.726878291529156e-12,635783.9416736466,8.618782819331321e-09,0.0022020931530467897
0.17717717717717718,8.726878291529156e-12,635783.9416736466,8.517050223320571e-09,0.002176100543903132
0.1781781781781782,8.726878291529156e-12,635783.9416736466,8.416518437367114e-09,0.002150414740913047
0.17917917917917917,8.726878291529156e-12,635783.9416736466,8.317173287598953e-09,0.002125032122661872
0.18018018018018017,8.726878291529156e-12,635783.9416736466,8.219000767446698e-09,0.002099949110480646
0.18118118118118118,8.726878291529156e-12,635783.9416736466,8.121987035668785e-09,0.002075162167941556
0.18218218218218218,8.726878291529156e-12,635783.9416736466,8.026118414400015e-09,0.0020506678003593395
0.1831831831831832,8.726878291529156e-12,635783.9416736466,7.931381387223136e-09,0.002026462554298574
0.1841841841841842,8.726878291529156e-12,635783.9416736466,7.837762597263168e-09,0.0020025430170867798
0.18518518518518517,8.726878291529156e-12,635783.9416736466,7.745248845304235e-09,0.0019789058163332696
0.18618618618618618,8.726878291529156e-12,635783.9416736466,7.653827087928614e-09,0.001955547619453681
0.1871871871871872,8.726878291529156e-12,635783.9416736466,7.56348443567777e-09,0.001932465133200117
0.1881881881881882,8.726878291529156e-12,635783.9416736466,7.474208151235079e-09,0.001909655103196836
0.1891891891891892,8.726878291529156e-12,635783.9416736466,7.38598564763e-09,0.0018871143134814193
0.19019019019019018,8.726878291529156e-12,635783.9416736466,7.2988044864634575e-09,0.0018648395860513566
0.19119119119119118,8.726878291529156e-12,635783.9416736466,7.212652376154167e-09,0.001842827780415983
0.1921921921921922,8.726878291529156e-12,635783.9416736466,7.127517170205654e-09,0.0018210757931537034
0.1931931931931932,8.726878291529156e-12,635783.9416736466,7.043386865493731e-09,0.0017995805574744458
0.1941941941941942,8.726878291529156e-12,635783.9416736466,6.960249600574193e-09,0.0017783390427872764
0.19519519519519518,8.726878291529156e-12,635783.9416736466,6.878093654010484e-09,0.0017573482542731205
0.1961961961961962,8.726878291529156e-12,635783.9416736466,6.796907442721099e-09,0.001736605232462526
0.1971971971971972,8.726878291529156e-12,635783.9416736466,6.716679520346502e-09,0.0017161070528184108
0.1981981981981982,8.726878291529156e-12,635783.9416736466,6.637398575635321e-09,0.0016958508253237352
0.1991991991991992,8.726878291529156e-12,635783.9416736466,6.559053430849569e-09,0.0016758336940740418
0.20020020020020018,8.726878291529156e-12,635783.9416736466,6.481633040188732e-09,0.0016560528368748037
0.2012012012012012,8.726878291529156e-12,635783.9416736466,6.405126488232407e-09,0.0016365054648435273
0.2022022022022022,8.726878291529156e-12,635783.9416736466,6.329522988401363e-09,0.0016171888220165498
0.2032032032032032,8.726878291529156e-12,635783.9416736466,6.254811881436755e-09,0.001598100184960479
0.2042042042042042,8.726878291529156e-12,635783.9416736466,6.180982633897271e-09,0.00157923686238822
0.20520520520520522,8.726878291529156e-12,635783.9416736466,6.108024836674052e-09,0.001560596194779532
0.2062062062062062,8.726878291529156e-12,635783.9416736466,6.035928203523108e-09,0.001542175554006066
0.2072072072072072,8.726878291529156e-12,635783.9416736466,5.964682569615077e-09,0.0015239723429608285
0.2082082082082082,8.726878291529156e-12,635783.9416736466,5.894277890102093e-09,0.0015059839951920167
0.2092092092092092,8.726878291529156e-12,635783.9416736466,5.824704238701584e-09,0.001488207974541178
0.21021021021021022,8.726878291529156e-12,635783.9416736466,5.755951806296759e-09,0.0014706417747856397
0.2112112112112112,8.726878291529156e-12,635783.9416736466,5.6880108995536454e-09,0.0014532829192851586
0.2122122122122122,8.726878291529156e-12,635783.9416736466,5.620871939554426e-09,0.0014361289606327427
0.2132132132132132,8.726878291529156e-12,635783.9416736466,5.5545254604469256e-09,0.0014191774803095935
0.21421421421421422,8.726878291529156e-12,635783.9416736466,5.488962108110021e-09,0.001402426088344122
0.21521521521521522,8.726878291529156e-12,635783.9416736466,5.424172638834822e-09,0.0013858724229749882
0.21621621621621623,8.726878291529156e-12,635783.9416736466,5.360147918021406e-09,0.0013695141503181198
0.2172172172172172,8.726878291529156e-12,635783.9416736466,5.296878918890942e-09,0.0013533489640376597
0.2182182182182182,8.726878291529156e-12,635783.9416736466,5.23435672121301e-09,0.0013373745850207982
0.21921921921921922,8.726878291529156e-12,635783.9416736466,5.172572510047954e-09,0.0013215887610564438
0.22022022022022023,8.726878291529156e-12,635783.9416736466,5.111517574504067e-09,0.0013059892665176853
0.22122122122122123,8.726878291529156e-12,635783.9416736466,5.051183306509458e-09,0.001290573902048004
0.2222222222222222,8.726878291529156e-12,635783.9416736466,4.991561199598398e-09,0.0012753404942511875
0.22322322322322322,8.726878291529156e-12,635783.9416736466,4.932642847712014e-09,0.0012602868953849066
0.22422422422422422,8.726878291529156e-12,635783.9416736466,4.874419944013121e-09,0.0012454109830579054
0.22522522522522523,8.726878291529156e-12,635783.9416736466,4.816884279715048e-09,0.001230710659930769
0.22622622622622623,8.726878291529156e-12,635783.9416736466,4.7600277429242985e-09,0.001216183853420221
0.2272272272272272,8.726878291529156e-12,635783.9416736466,4.703842317496854e-09,0.0012018285154069125
0.22822822822822822,8.726878291529156e-12,635783.9416736466,4.648320081907989e-09,0.0011876426219466596
0.22922922922922923,8.726878291529156e-12,635783.9416736466,4.593453208135424e-09,0.00117362417298509
0.23023023023023023,8.726878291529156e-12,635783.9416736466,4.539233960555661e-09,0.0011597711920756572
0.23123123123123124,8.726878291529156e-12,635783.9416736466,4.485654694853347e-09,0.0011460817261009833
0.23223223223223222,8.726878291529156e-12,635783.9416736466,4.432707856943507e-09,0.0011325538449974912
0.23323323323323322,8.726878291529156e-12,635783.9416736466,4.380385981906505e-09,0.0011191856414832864
0.23423423423423423,8.726878291529156e-12,635783.9416736466,4.328681692935569e-09,0.0011059752307892522
0.23523523523523523,8.726878291529156e-12,635783.9416736466,4.277587700296743e-09,0.0010929207503933174
0.23623623623623624,8.726878291529156e-12,635783.9416736466,4.227096800301121e-09,0.0010800203597578614
0.23723723723723725,8.726878291529156e-12,635783.9416736466,4.1772018742891964e-09,0.0010672722400702189
0.23823823823823823,8.726878291529156e-12,635783.9416736466,4.127895887627221e-09,0.0010546745939862471
0.23923923923923923,8.726878291529156e-12,635783.9416736466,4.0791718887153885e-09,0.0010422256453769202
0.24024024024024024,8.726878291529156e-12,635783.9416736466,4.0310230080077425e-09,0.0010299236390779146
0.24124124124124124,8.726878291529156e-12,635783.9416736466,3.9834424570436435e-09,0.0010177668406421505
0.24224224224224225,8.726878291529156e-12,635783.9416736466,3.936423527490672e-09,0.001005753536095254
0.24324324324324323,8.726878291529156e-12,635783.9416736466,3.8899595901988295e-09,0.000993882031693905
0.24424424424424424,8.726878291529156e-12,635783.9416736466,3.844044094265896e-09,0.0009821506536870387
0.24524524524524524,8.726878291529156e-12,635783.9416736466,3.79867056611383e-09,0.000970557748079865
0.24624624624624625,8.726878291529156e-12,635783.9416736466,3.753832608576066e-09,0.0009591016804006735
0.24724724724724725,8.726878291529156e-12,635783.9416736466,3.70952389999558e-09,0.0009477808354703908
0.24824824824824826,8.726878291529156e-12,635783.9416736466,3.6657381933336096e-09,0.0009365936171748587
0.24924924924924924,8.726878291529156e-12,635783.9416736466,3.6224693152888876e-09,0.0009255384482397991
0.2502502502502503,8.726878291529156e-12,635783.9416736466,3.5797111654272784e-09,0.0009146137700084358
0.25125125125125125,8.726878291529156e-12,635783.9416736466,3.5374577153216833e-09,0.0009038180422217415
0.25225225225225223,8.726878291529156e-12,635783.9416736466,3.4957030077020916e-09,0.0008931497428012782
0.25325325325325326,8.726878291529156e-12,635783.9416736466,3.454441155615683e-09,0.0008826073676346003
0.25425425425425424,8.726878291529156e-12,635783.9416736466,3.413666341596826e-09,0.0008721894303631922
0.2552552552552553,8.726878291529156e-12,635783.9416736466,3.3733728168468757e-09,0.0008618944621729078
0.25625625625625625,8.726878291529156e-12,635783.9416736466,3.3335549004236664e-09,0.0008517210115868837
0.25725725725725723,8.726878291529156e-12,635783.9416736466,3.2942069784405513e-09,0.0008416676442608975
0.25825825825825827,8.726878291529156e-12,635783.9416736466,3.2553235032749133e-09,0.0008317329427811405
0.25925925925925924,8.726878291529156e-12,635783.9416736466,3.216898992786011e-09,0.0008219155064643787
0.2602602602602603,8.726878291529156e-12,635783.9416736466,3.1789280295420526e-09,0.0008122139511604709
0.26126126126126126,8.726878291529156e-12,635783.9416736466,3.1414052600564023e-09,0.0008026269090572201
0.26226226226226224,8.726878291529156e-12,635783.9416736466,3.1043253940327955e-09,0.000793153028487526
0.26326326326326327,8.726878291529156e-12,635783.9416736466,3.067683203619467e-09,0.0007837909737388155
0.26426426426426425,8.726878291529156e-12,635783.9416736466,3.0314735226720833e-09,0.0007745394248647216
0.2652652652652653,8.726878291529156e-12,635783.9416736466,2.9956912460253657e-09,0.0007653970774989859
0.26626626626626626,8.726878291529156e-12,635783.9416736466,2.9603313287733277e-09,0.0007563626426715568
0.26726726726726724,8.726878291529156e-12,635783.9416736466,2.9253887855579927e-09,0.0007474348466268597
0.2682682682682683,8.726878291529156e-12,635783.9416736466,2.8908586898665185e-09,0.0007386124306442109
0.26926926926926925,8.726878291529156e-12,635783.9416736466,2.8567361733366058e-09,0.000729894150860352
0.2702702702702703,8.726878291529156e-12,635783.9416736466,2.8230164250701215e-09,0.0007212787780940793
0.27127127127127126,8.726878291529156e-12,635783.9416736466,2.7896946909548097e-09,0.0007127650976729423
0.27227227227227224,8.726878291529156e-12,635783.9416736466,2.756766272994017e-09,0.0007043519092619886
0.2732732732732733,8.726878291529156e-12,635783.9416736466,2.7242265286443245e-09,0.0006960380266945299
0.27427427427427425,8.726878291529156e-12,635783.9416736466,2.692070870161002e-09,0.0006878222778049055
0.2752752752752753,8.726878291529156e-12,635783.9416736466,2.6602947639511873e-09,0.00067970350426322
0.27627627627627627,8.726878291529156e-12,635783.9416736466,2.628893729934697e-09,0.0006716805614120313
0.2772772772772773,8.726878291529156e-12,635783.9416736466,2.597863340912388e-09,0.0006637523181049669
0.2782782782782783,8.726878291529156e-12,635783.9416736466,2.567199221941969e-09,0.0006559176565472446
0.27927927927927926,8.726878291529156e-12,635783.9416736466,2.536897049721182e-09,0.0006481754721380758
0.2802802802802803,8.726878291529156e-12,635783.9416736466,2.506952551978266e-09,0.0006405246733149286
0.28128128128128127,8.726878291529156e-12,635783.9416736466,2.477361506869611e-09,0.0006329641813996303
0.2822822822822823,8.726878291529156e-12,635783.9416736466,2.4481197423845298e-09,0.0006254929304462851
0.2832832832832833,8.726878291529156e-12,635783.9416736466,2.419223135757044e-09,0.0006181098670909876
0.28428428428428426,8.726878291529156e-12,635783.9416736466,2.3906676128846243e-09,0.0006108139504033102
0.2852852852852853,8.726878291529156e-12,635783.9416736466,2.362449147753785e-09,0.0006036041517395434
0.2862862862862863,8.726878291529156e-12,635783.9416736466,2.334563761872461e-09,0.0005964794545976684
0.2872872872872873,8.726878291529156e-12,635783.9416736466,2.307007523709085e-09,0.0005894388544740415
0.2882882882882883,8.726878291529156e-12,635783.9416736466,2.2797765481382827e-09,0.0005824813587217701
0.28928928928928926,8.726878291529156e-12,635783.9416736466,2.2528669958931163e-09,0.0005756059864107606
0.2902902902902903,8.726878291529156e-12,635783.9416736466,2.226275073023788e-09,0.0005688117681894179
0.2912912912912913,8.726878291529156e-12,635783.9416736466,2.199997030362736e-09,0.0005620977461479778
0.2922922922922923,8.726878291529156e-12,635783.9416736466,2.1740291629960405e-09,0.0005554629736834522
0.2932932932932933,8.726878291529156e-12,635783.9416736466,2.1483678097410772e-09,0.0005489065153661682
0.29429429429429427,8.726878291529156e-12,635783.9416736466,2.123009352630326e-09,0.0005424274468078833
0.2952952952952953,8.726878291529156e-12,635783.9416736466,2.09795021640128e-09,0.0005360248545314566
0.2962962962962963,8.726878291529156e-12,635783.9416736466,2.073186867992371e-09,0.0005296978358420587
0.2972972972972973,8.726878291529156e-12,635783.9416736466,2.0487158160448495e-09,0.0005234454986999018
0.2982982982982983,8.726878291529156e-12,635783.9416736466,2.0245336104105397e-09,0.0005172669615944715
0.29929929929929927,8.726878291529156e-12,635783.9416736466,2.0006368416654068e-09,0.0005111613534202442
0.3003003003003003,8.726878291529156e-12,635783.9416736466,1.9770221406288672e-09,0.0005051278133538703
0.3013013013013013,8.726878291529156e-12,635783.9416736466,1.95368617788877e-09,0.0004991654907328079
0.3023023023023023,8.726878291529156e-12,635783.9416736466,1.930625663331986e-09,0.0004932735449353886
0.3033033033033033,8.726878291529156e-12,635783.9416736466,1.9078373456805417e-09,0.0004874511452622992
0.30430430430430433,8.726878291529156e-12,635783.9416736466,1.8853180120332177e-09,0.0004816974708194624
0.3053053053053053,8.726878291529156e-12,635783.9416736466,1.8630644874125744e-09,0.0004760117104022996
0.3063063063063063,8.726878291529156e-12,635783.9416736466,1.8410736343173077e-09,0.00047039306238136
0.3073073073073073,8.726878291529156e-12,635783.9416736466,1.8193423522799004e-09,0.0004648407345892999
0.3083083083083083,8.726878291529156e-12,635783.9416736466,1.7978675774294884e-09,0.00045935394420919577
0.30930930930930933,8.726878291529156e-12,635783.9416736466,1.7766462820598884e-09,0.00045393191766417547
0.3103103103103103,8.726878291529156e-12,635783.9416736466,1.7556754742027268e-09,0.0004485738905083528
0.3113113113113113,8.726878291529156e-12,635783.9416736466,1.7349521972056037e-09,0.0004432791073190488
0.3123123123123123,8.726878291529156e-12,635783.9416736466,1.7144735293152367e-09,0.0004380468215902858
0.3133133133133133,8.726878291529156e-12,635783.9416736466,1.6942365832655298e-09,0.0004328762956275379
0.31431431431431434,8.726878291529156e-12,635783.9416736466,1.6742385058704945e-09,0.00042776680044372454
0.3153153153153153,8.726878291529156e-12,635783.9416736466,1.6544764776219882e-09,0.0004227176156564312
0.3163163163163163,8.726878291529156e-12,635783.9416736466,1.6349477122921913e-09,0.0004177280293863434
0.3173173173173173,8.726878291529156e-12,635783.9416736466,1.61564945654078e-09,0.0004127973381568799
0.3183183183183183,8.726878291529156e-12,635783.9416736466,1.5965789895267376e-09,0.0004079248467950097
0.31931931931931934,8.726878291529156e-12,635783.9416736466,1.5777336225247441e-09,0.0004031098683332408
0.3203203203203203,8.726878291529156e-12,635783.9416736466,1.5591106985460953e-09,0.00039835172391276515
0.3213213213213213,8.726878291529156e-12,635783.9416736466,1.5407075919640996e-09,0.00039364974268774717
0.32232232232232233,8.726878291529156e-12,635783.9416736466,1.52252170814389e-09,0.0003890032617307417
0.3233233233233233,8.726878291529156e-12,635783.9416736466,1.5045504830766106e-09,0.0003844116259392288
0.32432432432432434,8.726878291529156e-12,635783.9416736466,1.4867913830179219e-09,0.00037987418794325134
0.3253253253253253,8.726878291529156e-12,635783.9416736466,1.4692419041307669e-09,0.0003753903080141431
0.3263263263263263,8.726878291529156e-12,635783.9416736466,1.4518995721323606e-09,0.00037095935397433386
0.32732732732732733,8.726878291529156e-12,635783.9416736466,1.4347619419453428e-09,0.00036658070110821974
0.3283283283283283,8.726878291529156e-12,635783.9416736466,1.4178265973530479e-09,0.0003622537320740848
0.32932932932932935,8.726878291529156e-12,635783.9416736466,1.4010911506588468e-09,0.000357977836817063
0.3303303303303303,8.726878291529156e-12,635783.9416736466,1.3845532423495068e-09,0.0003537524124831269
0.3313313313313313,8.726878291529156e-12,635783.9416736466,1.368210540762527e-09,0.00034957686333409214
0.33233233233233234,8.726878291529156e-12,635783.9416736466,1.3520607417574e-09,0.0003454506006636247
0.3333333333333333,8.726878291529156e-12,635783.9416736466,1.3361015683907513e-09,0.0003413730427142401
0.33433433433433435,8.726878291529156e-12,635783.9416736466,1.320330770595318e-09,0.00033734361459528177
0.3353353353353353,8.726878291529156e-12,635783.9416736466,1.3047461248627137e-09,0.0003333617482018679
0.3363363363363363,8.726878291529156e-12,635783.9416736466,1.2893454339299363e-09,0.0003294268821347949
0.33733733733733734,8.726878291529156e-12,635783.9416736466,1.2741265264695814e-09,0.00032553846162138646
0.3383383383383383,8.726878291529156e-12,635783.9416736466,1.2590872567837063e-09,0.0003216959384372764
0.33933933933933935,8.726878291529156e-12,635783.9416736466,1.2442255045013115e-09,0.00031789877082911543
0.34034034034034033,8.726878291529156e-12,635783.9416736466,1.229539174279392e-09,0.0003141464234381898
0.34134134134134136,8.726878291529156e-12,635783.9416736466,1.2150261955075169e-09,0.00031043836722494144
0.34234234234234234,8.726878291529156e-12,635783.9416736466,1.2006845220158953e-09,0.00030677407939437947
0.3433433433433433,8.726878291529156e-12,635783.9416736466,1.186512131786891e-09,0.0003031530433223718
0.34434434434434436,8.726878291529156e-12,635783.9416736466,1.1725070266699368e-09,0.0002995747484828068
0.34534534534534533,8.726878291529156e-12,635783.9416736466,1.1586672320998221e-09,0.0002960386903756148
0.34634634634634637,8.726878291529156e-12,635783.9416736466,1.144990796818297e-09,0.00029254437045563903
0.34734734734734735,8.726878291529156e-12,635783.9416736466,1.1314757925989675e-09,0.00028909129606234646
0.3483483483483483,8.726878291529156e-12,635783.9416736466,1.1181203139754393e-09,0.00028567898035036787
0.34934934934934936,8.726878291529156e-12,635783.9416736466,1.104922477972663e-09,0.0002823069422208583
0.35035035035035034,8.726878291529156e-12,635783.9416736466,1.0918804238414613e-09,0.0002789747062536672
0.35135135135135137,8.726878291529156e-12,635783.9416736466,1.0789923127961796e-09,0.00027568180264030937
0.35235235235235235,8.726878291529156e-12,635783.9416736466,1.0662563277554384e-09,0.0002724277671177275
0.3533533533533533,8.726878291529156e-12,635783.9416736466,1.0536706730859468e-09,0.00026921214090283596
0.35435435435435436,8.726878291529156e-12,635783.9416736466,1.0412335743493358e-09,0.0002660344706278374
0.35535535535535534,8.726878291529156e-12,635783.9416736466,1.0289432780519838e-09,0.000262894308276303
0.3563563563563564,8.726878291529156e-12,635783.9416736466,1.016798051397791e-09,0.0002597912111200071
0.35735735735735735,8.726878291529156e-12,635783.9416736466,1.0047961820438773e-09,0.00025672474165650737
0.35835835835835833,8.726878291529156e-12,635783.9416736466,9.929359778591585e-10,0.00025369446754746185
0.35935935935935936,8.726878291529156e-12,635783.9416736466,9.812157666857758e-10,0.000250699961557674
0.36036036036036034,8.726878291529156e-12,635783.9416736466,9.696338961033394e-10,0.00024774080149485707
0.3613613613613614,8.726878291529156e-12,635783.9416736466,9.58188733195955e-10,0.00024481657015011003
0.36236236236236236,8.726878291529156e-12,635783.9416736466,9.468786643220023e-10,0.00024192685523909536
0.36336336336336333,8.726878291529156e-12,635783.9416736466,9.357020948866278e-10,0.0002390712493439117
0.36436436436436437,8.726878291529156e-12,635783.9416736466,9.246574491169248e-10,0.00023624934985565232
0.36536536536536535,8.726878291529156e-12,635783.9416736466,9.13743169839768e-10,0.00023346075891764184
0.3663663663663664,8.726878291529156e-12,635783.9416736466,9.029577182622675e-10,0.00023070508336934273
0.36736736736736736,8.726878291529156e-12,635783.9416736466,8.922995737548171e-10,0.000227981934690924
0.3683683683683684,8.726878291529156e-12,635783.9416736466,8.81767233636702e-10,0.0002252909289484843
0.36936936936936937,8.726878291529156e-12,635783.9416736466,8.713592129642376e-10,0.00022263168673992135
0.37037037037037035,8.726878291529156e-12,635783.9416736466,8.610740443214089e-10,0.00022000383314144052
0.3713713713713714,8.726878291529156e-12,635783.9416736466,8.509102776129806e-10,0.00021740699765469468
0.37237237237237236,8.726878291529156e-12,635783.9416736466,8.408664798600499e-10,0.00021484081415454803
0.3733733733733734,8.726878291529156e-12,635783.9416736466,8.309412349980124e-10,0.00021230492083745652
0.3743743743743744,8.726878291529156e-12,635783.9416736466,8.211331436769126e-10,0.00020979896017045746
0.37537537537537535,8.726878291529156e-12,635783.9416736466,8.11440823064151e-10,0.00020732257884076145
0.3763763763763764,8.726878291529156e-12,635783.9416736466,8.018629066495196e-10,0.00020487542770593906
0.37737737737737737,8.726878291529156e-12,635783.9416736466,7.923980440525396e-10,0.00020245716174469567
0.3783783783783784,8.726878291529156e-12,635783.9416736466,7.830449008320724e-10,0.00020006744000822726
0.3793793793793794,8.726878291529156e-12,635783.9416736466,7.738021582981786e-10,0.0001977059255721504
0.38038038038038036,8.726878291529156e-12,635783.9416736466,7.646685133261959e-10,0.00019537228548899957
0.3813813813813814,8.726878291529156e-12,635783.9416736466,7.556426781730146e-10,0.00019306619074128535
0.38238238238238237,8.726878291529156e-12,635783.9416736466,7.46723380295519e-10,0.0001907873161951065
0.3833833833833834,8.726878291529156e-12,635783.9416736466,7.379093621711732e-10,0.00018853534055430967
0.3843843843843844,8.726878291529156e-12,635783.9416736466,7.291993811207242e-10,0.0001863099463151903
0.38538538538538536,8.726878291529156e-12,635783.9416736466,7.20592209132998e-10,0.00018411081972172794
0.3863863863863864,8.726878291529156e-12,635783.9416736466,7.120866326917634e-10,0.00018193765072135025
0.38738738738738737,8.726878291529156e-12,635783.9416736466,7.036814526046397e-10,0.00017979013292121888
0.3883883883883884,8.726878291529156e-12,635783.9416736466,6.953754838340238e-10,0.00017766796354503164
0.3893893893893894,8.726878291529156e-12,635783.9416736466,6.871675553300131e-10,0.00017557084339033422
0.39039039039039036,8.726878291529156e-12,635783.9416736466,6.790565098653e-10,0.000173498476786336
0.3913913913913914,8.726878291529156e-12,635783.9416736466,6.710412038720164e-10,0.0001714505715522238
0.3923923923923924,8.726878291529156e-12,635783.9416736466,6.63120507280502e-10,0.0001694268389559675
0.3933933933933934,8.726878291529156e-12,635783.9416736466,6.552933033599784e-10,0.00016742699367361204
0.3943943943943944,8.726878291529156e-12,635783.9416736466,6.475584885611013e-10,0.00016545075374904997
0.39539539539539537,8.726878291529156e-12,635783.9416736466,6.399149723603729e-10,0.00016349784055426868
0.3963963963963964,8.726878291529156e-12,635783.9416736466,6.323616771063896e-10,0.00016156797875006696
0.3973973973973974,8.726878291529156e-12,635783.9416736466,6.248975378679051e-10,0.00015966089624723514
0.3983983983983984,8.726878291529156e-12,635783.9416736466,6.175215022836879e-10,0.00015777632416819363
0.3993993993993994,8.726878291529156e-12,635783.9416736466,6.102325304141481e-10,0.00015591399680908407
0.40040040040040037,8.726878291529156e-12,635783.9416736466,6.030295945947191e-10,0.00015407365160230804
0.4014014014014014,8.726878291529156e-12,635783.9416736466,5.959116792909672e-10,0.0001522550290795079
0.4024024024024024,8.726878291529156e-12,635783.9416736466,5.888777809554133e-10,0.00015045787283498468
0.4034034034034034,8.726878291529156e-12,635783.9416736466,5.819269078860427e-10,0.00014868192948954765
0.4044044044044044,8.726878291529156e-12,635783.9416736466,5.750580800864869e-10,0.00014692694865479068
0.40540540540540543,8.726878291529156e-12,635783.9416736466,5.682703291278548e-10,0.00014519268289779022
0.4064064064064064,8.726878291529156e-12,635783.9416736466,5.615626980121951e-10,0.00014347888770622
0.4074074074074074,8.726878291529156e-12,635783.9416736466,5.549342410375693e-10,0.0001417853214538775
0.4084084084084084,8.726878291529156e-12,635783.9416736466,5.48384023664719e-10,0.0001401117453666173
0.4094094094094094,8.726878291529156e-12,635783.9416736466,5.419111223853059e-10,0.00013845792348868662
0.41041041041041043,8.726878291529156e-12,635783.9416736466,5.355146245917073e-10,0.00013682362264945804
0.4114114114114114,8.726878291529156e-12,635783.9416736466,5.29193628448349e-10,0.00013520861243055513
0.4124124124124124,8.726878291529156e-12,635783.9416736466,5.22947242764555e-10,0.000133612665133366
0.4134134134134134,8.726878291529156e-12,635783.9416736466,5.167745868689016e-10,0.00013203555574694024
0.4144144144144144,8.726878291529156e-12,635783.9416736466,5.106747904850503e-10,0.0001304770619162649
0.41541541541541543,8.726878291529156e-12,635783.9416736466,5.046469936090501e-10,0.00012893696391091489
0.4164164164164164,8.726878291529156e-12,635783.9416736466,4.986903463880851e-10,0.0001274150445940734
0.4174174174174174,8.726878291529156e-12,635783.9416736466,4.928040090006562e-10,0.000125911089391918
0.4184184184184184,8.726878291529156e-12,635783.9416736466,4.869871515381737e-10,0.00012442488626336818
0.4194194194194194,8.726878291529156e-12,635783.9416736466,4.81238953887951e-10,0.00012295622567018978
0.42042042042042044,8.726878291529156e-12,635783.9416736466,4.755586056175768e-10,0.00012150490054745248
0.4214214214214214,8.726878291529156e-12,635783.9416736466,4.699453058606533e-10,0.00012007070627433591
0.4224224224224224,8.726878291529156e-12,635783.9416736466,4.6439826320388286e-10,0.00011865344064528039
0.42342342342342343,8.726878291529156e-12,635783.9416736466,4.589166955754878e-10,0.00011725290384147815
0.4244244244244244,8.726878291529156e-12,635783.9416736466,4.5349983013494604e-10,0.00011586889840270112
0.42542542542542544,8.726878291529156e-12,635783.9416736466,4.4814690316403036e-10,0.0001145012291994612
0.4264264264264264,8.726878291529156e-12,635783.9416736466,4.428571599591317e-10,0.00011314970340549915
0.4274274274274274,8.726878291529156e-12,635783.9416736466,4.376298547248543e-10,0.00011181413047059823
0.42842842842842843,8.726878291529156e-12,635783.9416736466,4.324642504688671e-10,0.00011049432209371871
0.4294294294294294,8.726878291529156e-12,635783.9416736466,4.273596188979958e-10,0.00010919009219644951
0.43043043043043044,8.726878291529156e-12,635783.9416736466,4.223152403155418e-10,0.00010790125689677318
0.4314314314314314,8.726878291529156e-12,635783.9416736466,4.173304035198122e-10,0.00010662763448314061
0.43243243243243246,8.726878291529156e-12,635783.9416736466,4.1240440570384935e-10,0.00010536904538885165
0.43343343343343343,8.726878291529156e-12,635783.9416736466,4.075365523563416e-10,0.00010412531216673826
0.4344344344344344,8.726878291529156e-12,635783.9416736466,4.0272615716370596e-10,0.00010289625946414632
0.43543543543543545,8.726878291529156e-12,635783.9416736466,3.979725419133246e-10,0.00010168171399821293
0.4364364364364364,8.726878291529156e-12,635783.9416736466,3.9327503639792507e-10,0.0001004815045314354
0.43743743743743746,8.726878291529156e-12,635783.9416736466,3.886329783210877e-10,9.929546184752866e-05
0.43843843843843844,8.726878291529156e-12,635783.9416736466,3.8404571320387e-10,9.812341872756763e-05
0.4394394394394394,8.726878291529156e-12,635783.9416736466,3.7951259429253144e-10,9.696520992641119e-05
0.44044044044044045,8.726878291529156e-12,635783.9416736466,3.750329824673492e-10,9.582067214940447e-05
0.44144144144144143,8.726878291529156e-12,635783.9416736466,3.706062461525088e-10,9.468964402935604e-05
0.44244244244244246,8.726878291529156e-12,635783.9416736466,3.6623176122705845e-10,9.357196610378699e-05
0.44344344344344344,8.726878291529156e-12,635783.9416736466,3.619089109369163e-10,9.246748079244846e-05
0.4444444444444444,8.726878291529156e-12,635783.9416736466,3.5763708580791367e-10,9.137603237510455e-05
0.44544544544544545,8.726878291529156e-12,635783.9416736466,3.53415683559866e-10,9.029746696957749e-05
0.44644644644644643,8.726878291529156e-12,635783.9416736466,3.49244109021659e-10,8.923163251005193e-05
0.44744744744744747,8.726878291529156e-12,635783.9416736466,3.451217740473347e-10,8.81783787256354e-05
0.44844844844844844,8.726878291529156e-12,635783.9416736466,3.410480974331704e-10,8.713755711917171e-05
0.4494494494494494,8.726878291529156e-12,635783.9416736466,3.3702250483573484e-10,8.610902094630453e-05
0.45045045045045046,8.726878291529156e-12,635783.9416736466,3.3304442869091276e-10,8.509262519478803e-05
0.45145145145145144,8.726878291529156e-12,635783.9416736466,3.2911330813388346e-10,8.408822656404179e-05
0.45245245245245247,8.726878291529156e-12,635783.9416736466,3.252285889200463e-10,8.309568344494695e-05
0.45345345345345345,8.726878291529156e-12,635783.9416736466,3.213897233468775e-10,8.211485589988091e-05
0.4544544544544544,8.726878291529156e-12,635783.9416736466,3.175961701767105e-10,8.11456056429877e-05
0.45545545545545546,8.726878291529156e-12,635783.9416736466,3.1384739456042737e-10,8.018779602068117e-05
0.45645645645645644,8.726878291529156e-12,635783.9416736466,3.1014286796205097e-10,7.924129199237832e-05
0.4574574574574575,8.726878291529156e-12,635783.9416736466,3.0648206808422704e-10,7.830596011146013e-05
0.45845845845845845,8.726878291529156e-12,635783.9416736466,3.028644787945864e-10,7.7381668506457e-05
0.45945945945945943,8.726878291529156e-12,635783.9416736466,2.992895900529756e-10,7.646828686245637e-05
0.46046046046046046,8.726878291529156e-12,635783.9416736466,2.957568978395471e-10,7.556568640272972e-05
0.46146146146146144,8.726878291529156e-12,635783.9416736466,2.9226590408369814e-10,7.467373987057654e-05
0.4624624624624625,8.726878291529156e-12,635783.9416736466,2.8881611659384806e-10,7.379232151138245e-05
0.46346346346346345,8.726878291529156e-12,635783.9416736466,2.8540704898804486e-10,7.292130705488923e-05
0.46446446446446443,8.726878291529156e-12,635783.9416736466,2.820382206253905e-10,7.206057369767412e-05
0.46546546546546547,8.726878291529156e-12,635783.9416736466,2.787091565382761e-10,7.121000008583583e-05
0.46646646646646645,8.726878291529156e-12,635783.9416736466,2.7541938736541686e-10,7.036946629788502e-05
0.4674674674674675,8.726878291529156e-12,635783.9416736466,2.7216844928567663e-10,6.953885382783669e-05
0.46846846846846846,8.726878291529156e-12,635783.9416736466,2.6895588395267524e-10,6.871804556850213e-05
0.4694694694694695,8.726878291529156e-12,635783.9416736466,2.657812384301657e-10,6.79069257949781e-05
0.47047047047047047,8.726878291529156e-12,635783.9416736466,2.626440651281761e-10,6.710538014833091e-05
0.47147147147147145,8.726878291529156e-12,635783.9416736466,2.5954392173990365e-10,6.631329561947307e-05
0.4724724724724725,8.726878291529156e-12,635783.9416736466,2.564803711793547e-10,6.553056053323026e-05
0.47347347347347346,8.726878291529156e-12,635783.9416736466,2.534529815197205e-10,6.475706453259632e-05
0.4744744744744745,8.726878291529156e-12,635783.9416736466,2.504613259324798e-10,6.399269856317422e-05
0.4754754754754755,8.726878291529156e-12,635783.9416736466,2.4750498262722145e-10,6.323735485780048e-05
0.47647647647647645,8.726878291529156e-12,635783.9416736466,2.445835347921759e-10,6.24909269213513e-05
0.4774774774774775,8.726878291529156e-12,635783.9416736466,2.4169657053544986e-10,6.175330951572784e-05
0.47847847847847846,8.726878291529156e-12,635783.9416736466,2.3884368282695383e-10,6.102439864501886e-05
0.4794794794794795,8.726878291529156e-12,635783.9416736466,2.3602446944101547e-10,6.030409154083842e-05
0.4804804804804805,8.726878291529156e-12,635783.9416736466,2.3323853289967014e-10,5.959228664783667e-05
0.48148148148148145,8.726878291529156e-12,635783.9416736466,2.3048548041662086e-10,5.8888883609381684e-05
0.4824824824824825,8.726878291529156e-12,635783.9416736466,2.2776492384186e-10,5.819378325341029e-05
0.48348348348348347,8.726878291529156e-12,635783.9416736466,2.250764796069441e-10,5.750688757844586e-05
0.4844844844844845,8.726878291529156e-12,635783.9416736466,2.2241976867091525e-10,5.682809973978124e-05
0.4854854854854855,8.726878291529156e-12,635783.9416736466,2.1979441646686023e-10,5.615732403582466e-05
0.48648648648648646,8.726878291529156e-12,635783.9416736466,2.1720005284910096e-10,5.549446589460691e-05
0.4874874874874875,8.726878291529156e-12,635783.9416736466,2.1463631204100788e-10,5.483943186044773e-05
0.48848848848848847,8.726878291529156e-12,635783.9416736466,2.1210283258342946e-10,5.419212958077956e-05
0.4894894894894895,8.726878291529156e-12,635783.9416736466,2.0959925728373066e-10,5.355246779312687e-05
0.4904904904904905,8.726878291529156e-12,635783.9416736466,2.0712523316543258e-10,5.2920356312239176e-05
0.49149149149149146,8.726878291529156e-12,635783.9416736466,2.0468041141844647e-10,5.2295706017375876e-05
0.4924924924924925,8.726878291529156e-12,635783.9416736466,2.022644473498957e-10,5.167842883974124e-05
0.4934934934934935,8.726878291529156e-12,635783.9416736466,1.998770003355177e-10,5.106843775006767e-05
0.4944944944944945,8.726878291529156e-12,635783.9416736466,1.9751773377163976e-10,5.046564674634554e-05
0.4954954954954955,8.726878291529156e-12,635783.9416736466,1.9518631502772156e-10,4.986997084169784e-05
0.4964964964964965,8.726878291529156e-12,635783.9416736466,1.9288241539945791e-10,4.9281326052397997e-05
0.4974974974974975,8.726878291529156e-12,635783.9416736466,1.9060571006243525e-10,4.869962938602908e-05
0.4984984984984985,8.726878291529156e-12,635783.9416736466,1.883558780263348e-10,4.812479882978279e-05
0.4994994994994995,8.726878291529156e-12,635783.9416736466,1.861326020896764e-10,4.7556753338896544e-05
0.5005005005005005,8.726878291529156e-12,635783.9416736466,1.839355687950971e-10,4.699541282522709e-05
0.5015015015015015,8.726878291529156e-12,635783.9416736466,1.8176446838515648e-10,4.644069814595893e-05
0.5025025025025025,8.726878291529156e-12,635783.9416736466,1.796189947586647e-10,4.589253109244607e-05
0.5035035035035035,8.726878291529156e-12,635783.9416736466,1.7749884542752536e-10,4.535083437918548e-05
0.5045045045045045,8.726878291529156e-12,635783.9416736466,1.7540372147408829e-10,4.481553163292065e-05
0.5055055055055055,8.726878291529156e-12,635783.9416736466,1.7333332750900512e-10,4.428654738187386e-05
0.5065065065065065,8.726878291529156e-12,635783.9416736466,1.7128737162958303e-10,4.3763807045105435e-05
0.5075075075075075,8.726878291529156e-12,635783.9416736466,1.6926556537862943e-10,4.3247236921998704e-05
0.5085085085085085,8.726878291529156e-12,635783.9416736466,1.6726762370378265e-10,4.2736764181868994e-05
0.5095095095095095,8.726878291529156e-12,635783.9416736466,1.652932649173229e-10,4.2232316853695325e-05
0.5105105105105106,8.726878291529156e-12,635783.9416736466,1.6334221065645725e-10,4.173382381597328e-05
0.5115115115115115,8.726878291529156e-12,635783.9416736466,1.6141418584407363e-10,4.124121478668767e-05
0.5125125125125125,8.726878291529156e-12,635783.9416736466,1.5950891864995798e-10,4.075442031340354e-05
0.5135135135135135,8.726878291529156e-12,635783.9416736466,1.5762614045246921e-10,4.027337176347413e-05
0.5145145145145145,8.726878291529156e-12,635783.9416736466,1.557655858006664e-10,3.979800131436445e-05
0.5155155155155156,8.726878291529156e-12,635783.9416736466,1.5392699237688331e-10,3.9328241944089045e-05
0.5165165165165165,8.726878291529156e-12,635783.9416736466,1.521101009597444e-10,3.886402742176262e-05
0.5175175175175175,8.726878291529156e-12,635783.9416736466,1.5031465538761746e-10,3.840529229826224e-05
0.5185185185185185,8.726878291529156e-12,635783.9416736466,1.4854040252249768e-10,3.79519718969997e-05
0.5195195195195195,8.726878291529156e-12,635783.9416736466,1.4678709221431797e-10,3.750400230480287e-05
0.5205205205205206,8.726878291529156e-12,635783.9416736466,1.4505447726568061e-10,3.706132036290463e-05
0.5215215215215215,8.726878291529156e-12,635783.9416736466,1.4334231339700513e-10,3.6623863658038164e-05
0.5225225225225225,8.726878291529156e-12,635783.9416736466,1.4165035921208748e-10,3.61915705136374e-05
0.5235235235235235,8.726878291529156e-12,635783.9416736466,1.3997837616406596e-10,3.5764379981141284e-05
0.5245245245245245,8.726878291529156e-12,635783.9416736466,1.3832612852178873e-10,3.5342231831400724e-05
0.5255255255255256,8.726878291529156e-12,635783.9416736466,1.3669338333657815e-10,3.492506654618692e-05
0.5265265265265265,8.726878291529156e-12,635783.9416736466,1.35079910409388e-10,3.451282530979996e-05
0.5275275275275275,8.726878291529156e-12,635783.9416736466,1.334854822583474e-10,3.410545000077646e-05
0.5285285285285285,8.726878291529156e-12,635783.9416736466,1.3190987408668887e-10,3.3702883183695086e-05
0.5295295295295295,8.726878291529156e-12,635783.9416736466,1.3035286375105412e-10,3.3305068101078766e-05
0.5305305305305306,8.726878291529156e-12,635783.9416736466,1.2881423173017447e-10,3.291194866539255e-05
0.5315315315315315,8.726878291529156e-12,635783.9416736466,1.2729376109392078e-10,3.252346945113585e-05
0.5325325325325325,8.726878291529156e-12,635783.9416736466,1.257912374727186e-10,3.213957568702809e-05
0.5335335335335335,8.726878291529156e-12,635783.9416736466,1.2430644902732448e-10,3.176021324828653e-05
0.5345345345345345,8.726878291529156e-12,635783.9416736466,1.22839186418959e-10,3.138532864899529e-05
0.5355355355355356,8.726878291529156e-12,635783.9416736466,1.213892427797922e-10,3.101486903456442e-05
0.5365365365365365,8.726878291529156e-12,635783.9416736466,1.1995641368377772e-10,3.0648782174277986e-05
0.5375375375375375,8.726878291529156e-12,635783.9416736466,1.1854049711783077e-10,3.0287016453930103e-05
0.5385385385385385,8.726878291529156e-12,635783.9416736466,1.1714129345334656e-10,2.9929520868547933e-05
0.5395395395395395,8.726878291529156e-12,635783.9416736466,1.1575860541805497e-10,2.9576245015200514e-05
0.5405405405405406,8.726878291529156e-12,635783.9416736466,1.1439223806820722e-10,2.9227139085892526e-05
0.5415415415415415,8.726878291529156e-12,635783.9416736466,1.1304199876109109e-10,2.8882153860541897e-05
0.5425425425425425,8.726878291529156e-12,635783.9416736466,1.1170769712787017e-10,2.8541240700040327e-05
0.5435435435435435,8.726878291529156e-12,635783.9416736466,1.1038914504674432e-10,2.8204351539395707e-05
0.5445445445445445,8.726878291529156e-12,635783.9416736466,1.0908615661642629e-10,2.7871438880955478e-05
0.5455455455455456,8.726878291529156e-12,635783.9416736466,1.0779854812993174e-10,2.754245578771e-05
0.5465465465465466,8.726878291529156e-12,635783.9416736466,1.0652613804867867e-10,2.7217355876674945e-05
0.5475475475475475,8.726878291529156e-12,635783.9416736466,1.0526874697689245e-10,2.6896093312351804e-05
0.5485485485485485,8.726878291529156e-12,635783.9416736466,1.0402619763631294e-10,2.6578622800265592e-05
0.5495495495495496,8.726878291529156e-12,635783.9416736466,1.0279831484120026e-10,2.6264899580578832e-05
0.5505505505505506,8.726878291529156e-12,635783.9416736466,1.0158492547363559e-10,2.59548794217809e-05
0.5515515515515516,8.726878291529156e-12,635783.9416736466,1.0038585845911328e-10,2.5648518614451885e-05
0.5525525525525525,8.726878291529156e-12,635783.9416736466,9.920094474242148e-11,2.534577396510003e-05
0.5535535535535535,8.726878291529156e-12,635783.9416736466,9.803001726380696e-11,2.504660279007193e-05
0.5545545545545546,8.726878291529156e-12,635783.9416736466,9.687291093542177e-11,2.475096290953462e-05
0.5555555555555556,8.726878291529156e-12,635783.9416736466,9.572946261804749e-11,2.4458812641528666e-05
0.5565565565565566,8.726878291529156e-12,635783.9416736466,9.45995110980945e-11,2.4170110796091476e-05
0.5575575575575575,8.726878291529156e-12,635783.9416736466,9.348289706487263e-11,2.388481666944998e-05
0.5585585585585585,8.726878291529156e-12,635783.9416736466,9.237946308813007e-11,2.3602890038281827e-05
0.5595595595595596,8.726878291529156e-12,635783.9416736466,9.128905359585744e-11,2.3324291154044365e-05
0.5605605605605606,8.726878291529156e-12,635783.9416736466,9.021151485235403e-11,2.3048980737370513e-05
0.5615615615615616,8.726878291529156e-12,635783.9416736466,8.914669493655245e-11,2.277691997253082e-05
0.5625625625625625,8.726878291529156e-12,635783.9416736466,8.809444372059972e-11,2.250807050196086e-05
0.5635635635635635,8.726878291529156e-12,635783.9416736466,8.705461284869071e-11,2.2242394420853256e-05
0.5645645645645646,8.726878291529156e-12,635783.9416736466,8.602705571615175e-11,2.197985427181351e-05
0.5655655655655656,8.726878291529156e-12,635783.9416736466,8.501162744877087e-11,2.1720413039578924e-05
0.5665665665665666,8.726878291529156e-12,635783.9416736466,8.400818488237224e-11,2.1464034145799865e-05
0.5675675675675675,8.726878291529156e-12,635783.9416736466,8.301658654263151e-11,2.121068144388261e-05
0.5685685685685685,8.726878291529156e-12,635783.9416736466,8.203669262512957e-11,2.096031921389308e-05
0.5695695695695696,8.726878291529156e-12,635783.9416736466,8.106836497564159e-11,2.0712912157520727e-05
0.5705705705705706,8.726878291529156e-12,635783.9416736466,8.011146707065888e-11,2.0468425393101862e-05
0.5715715715715716,8.726878291529156e-12,635783.9416736466,7.916586399814055e-11,2.0226824450701718e-05
0.5725725725725725,8.726878291529156e-12,635783.9416736466,7.823142243849236e-11,1.9988075267254576e-05
0.5735735735735735,8.726878291529156e-12,635783.9416736466,7.730801064577024e-11,1.9752144181761247e-05
0.5745745745745746,8.726878291529156e-12,635783.9416736466,7.639549842910539e-11,1.9518997930543243e-05
0.5755755755755756,8.726878291529156e-12,635783.9416736466,7.549375713434896e-11,1.9288603642552968e-05
0.5765765765765766,8.726878291529156e-12,635783.9416736466,7.460265962593323e-11,1.906092883473926e-05
0.5775775775775776,8.726878291529156e-12,635783.9416736466,7.372208026894678e-11,1.8835941407467638e-05
0.5785785785785785,8.726878291529156e-12,635783.9416736466,7.285189491142144e-11,1.861360963999461e-05
0.5795795795795796,8.726878291529156e-12,635783.9416736466,7.199198086682828e-11,1.8393902185995403e-05
0.5805805805805806,8.726878291529156e-12,635783.9416736466,7.114221689678e-11,1.8176788069144467e-05
0.5815815815815816,8.726878291529156e-12,635783.9416736466,7.030248319393786e-11,1.7962236678748162e-05
0.5825825825825826,8.726878291529156e-12,635783.9416736466,6.947266136512e-11,1.7750217765428988e-05
0.5835835835835835,8.726878291529156e-12,635783.9416736466,6.865263441460939e-11,1.754070143686076e-05
0.5845845845845846,8.726878291529156e-12,635783.9416736466,6.784228672765872e-11,1.7333658153554102e-05
0.5855855855855856,8.726878291529156e-12,635783.9416736466,6.704150405419e-11,1.7129058724691734e-05
0.5865865865865866,8.726878291529156e-12,635783.9416736466,6.625017349268653e-11,1.6926874304012865e-05
0.5875875875875876,8.726878291529156e-12,635783.9416736466,6.546818347427502e-11,1.67270763857462e-05
0.5885885885885885,8.726878291529156e-12,635783.9416736466,6.46954237469957e-11,1.6529636800590934e-05
0.5895895895895896,8.726878291529156e-12,635783.9416736466,6.393178536025792e-11,1.6334527711745205e-05
0.5905905905905906,8.726878291529156e-12,635783.9416736466,6.317716064947935e-11,1.6141721610981395e-05
0.5915915915915916,8.726878291529156e-12,635783.9416736466,6.243144322090648e-11,1.5951191314767783e-05
0.5925925925925926,8.726878291529156e-12,635783.9416736466,6.169452793661425e-11,1.576290996043597e-05
0.5935935935935935,8.726878291529156e-12,635783.9416736466,6.096631089968273e-11,1.5576851002393528e-05
0.5945945945945946,8.726878291529156e-12,635783.9416736466,6.024668943954895e-11,1.5392988208381378e-05
0.5955955955955956,8.726878291529156e-12,635783.9416736466,5.953556209753124e-11,1.5211295655775323e-05
0.5965965965965966,8.726878291529156e-12,635783.9416736466,5.883282861252494e-11,1.5031747727931244e-05
0.5975975975975976,8.726878291529156e-12,635783.9416736466,5.8138389906866494e-11,1.4854319110573439e-05
0.5985985985985985,8.726878291529156e-12,635783.9416736466,5.7452148072364667e-11,1.4678984788225588e-05
0.5995995995995996,8.726878291529156e-12,635783.9416736466,5.6774006356496575e-11,1.450572004068385e-05
0.6006006006006006,8.726878291529156e-12,635783.9416736466,5.610386914876666e-11,1.433450043953158e-05
0.6016016016016016,8.726878291529156e-12,635783.9416736466,5.54416419672266e-11,1.4165301844695198e-05
0.6026026026026026,8.726878291529156e-12,635783.9416736466,5.4787231445154514e-11,1.3998100401040707e-05
0.6036036036036035,8.726878291529156e-12,635783.9416736466,5.4140545317891155e-11,1.3832872535010375e-05
0.6046046046046046,8.726878291529156e-12,635783.9416736466,5.350149240983168e-11,1.3669594951299128e-05
0.6056056056056056,8.726878291529156e-12,635783.9416736466,5.286998262157087e-11,1.350824462957017e-05
0.6066066066066066,8.726878291529156e-12,635783.9416736466,5.2245926917200205e-11,1.3348798821209369e-05
0.6076076076076076,8.726878291529156e-12,635783.9416736466,5.1629237311754595e-11,1.3191235046117951e-05
0.6086086086086087,8.726878291529156e-12,635783.9416736466,5.101982685880766e-11,1.303553108954306e-05
0.6096096096096096,8.726878291529156e-12,635783.9416736466,5.041760963821313e-11,1.2881664998945715e-05
0.6106106106106106,8.726878291529156e-12,635783.9416736466,4.9822500743991095e-11,1.2729615080905752e-05
0.6116116116116116,8.726878291529156e-12,635783.9416736466,4.92344162723572e-11,1.2579359898063284e-05
0.6126126126126126,8.726878291529156e-12,635783.9416736466,4.8653273309893107e-11,1.2430878266096278e-05
0.6136136136136137,8.726878291529156e-12,635783.9416736466,4.807898992185665e-11,1.2284149250733791e-05
0.6146146146146146,8.726878291529156e-12,635783.9416736466,4.751148514062993e-11,1.2139152164804477e-05
0.6156156156156156,8.726878291529156e-12,635783.9416736466,4.6950678954303785e-11,1.199586656531992e-05
0.6166166166166166,8.726878291529156e-12,635783.9416736466,4.6396492295396963e-11,1.1854272250592396e-05
0.6176176176176176,8.726878291529156e-12,635783.9416736466,4.584884702970854e-11,1.1714349257386665e-05
0.6186186186186187,8.726878291529156e-12,635783.9416736466,4.5307665945301784e-11,1.1576077858105365e-05
0.6196196196196196,8.726878291529156e-12,635783.9416736466,4.477287274161817e-11,1.143943855800765e-05
0.6206206206206206,8.726878291529156e-12,635783.9416736466,4.424439201871985e-11,1.130441209246064e-05
0.6216216216216216,8.726878291529156e-12,635783.9416736466,4.372214926665908e-11,1.117097942422332e-05
0.6226226226226226,8.726878291529156e-12,635783.9416736466,4.3206070854973104e-11,1.1039121740762503e-05
0.6236236236236237,8.726878291529156e-12,635783.9416736466,4.2696084022303174e-11,1.0908820451600465e-05
0.6246246246246246,8.726878291529156e-12,635783.9416736466,4.219211686613586e-11,1.07800571856939e-05
0.6256256256256256,8.726878291529156e-12,635783.9416736466,4.169409833266572e-11,1.0652813788843801e-05
0.6266266266266266,8.726878291529156e-12,635783.9416736466,4.120195820677743e-11,1.0527072321135918e-05
0.6276276276276276,8.726878291529156e-12,635783.9416736466,4.071562710214621e-11,1.040281505441143e-05
0.6286286286286287,8.726878291529156e-12,635783.9416736466,4.023503645145519e-11,1.0280024469767472e-05
0.6296296296296297,8.726878291529156e-12,635783.9416736466,3.976011849672811e-11,1.0158683255087157e-05
0.6306306306306306,8.726878291529156e-12,635783.9416736466,3.929080627977622e-11,1.0038774302598765e-05
0.6316316316316316,8.726878291529156e-12,635783.9416736466,3.882703363275791e-11,9.920280706463734e-06
0.6326326326326326,8.726878291529156e-12,635783.9416736466,3.83687351688498e-11,9.803185760393122e-06
0.6336336336336337,8.726878291529156e-12,635783.9416736466,3.7915846273027857e-11,9.687472955292205e-06
0.6346346346346347,8.726878291529156e-12,635783.9416736466,3.7468303092957456e-11,9.573125976932878e-06
0.6356356356356356,8.726878291529156e-12,635783.9416736466,3.702604252999087e-11,9.46012870365353e-06
0.6366366366366366,8.726878291529156e-12,635783.9416736466,3.658900223027107e-11,9.348465204086063e-06
0.6376376376376376,8.726878291529156e-12,635783.9416736466,3.6157120575940515e-11,9.23811973490975e-06
0.6386386386386387,8.726878291529156e-12,635783.9416736466,3.5730336676453696e-11,9.129076738631602e-06
0.6396396396396397,8.726878291529156e-12,635783.9416736466,3.530859035999229e-11,9.021320841392923e-06
0.6406406406406406,8.726878291529156e-12,635783.9416736466,3.489182216498157e-11,8.914836850801778e-06
0.6416416416416416,8.726878291529156e-12,635783.9416736466,3.447997333170694e-11,8.809609753791026e-06
0.6426426426426426,8.726878291529156e-12,635783.9416736466,3.407298579402952e-11,8.705624714501647e-06
0.6436436436436437,8.726878291529156e-12,635783.9416736466,3.367080217119947e-11,8.602867072191044e-06
0.6446446446446447,8.726878291529156e-12,635783.9416736466,3.327336575976587e-11,8.50132233916605e-06
0.6456456456456456,8.726878291529156e-12,635783.9416736466,3.2880620525582234e-11,8.400976198740314e-06
0.6466466466466466,8.726878291529156e-12,635783.9416736466,3.2492511095906245e-11,8.301814503215807e-06
0.6476476476476476,8.726878291529156e-12,635783.9416736466,3.2108982751592874e-11,8.20382327188816e-06
0.6486486486486487,8.726878291529156e-12,635783.9416736466,3.172998141937954e-11,8.10698868907553e-06
0.6496496496496497,8.726878291529156e-12,635783.9416736466,3.135545366426239e-11,8.011297102170753e-06
0.6506506506506506,8.726878291529156e-12,635783.9416736466,3.098534668196258e-11,7.916735019716461e-06
0.6516516516516516,8.726878291529156e-12,635783.9416736466,3.061960829148139e-11,7.82328910950295e-06
0.6526526526526526,8.726878291529156e-12,635783.9416736466,3.0258186927743345e-11,7.73094619668848e-06
0.6536536536536537,8.726878291529156e-12,635783.9416736466,2.990103163432609e-11,7.639693261941764e-06
0.6546546546546547,8.726878291529156e-12,635783.9416736466,2.9548092056276064e-11,7.549517439606392e-06
0.6556556556556556,8.726878291529156e-12,635783.9416736466,2.919931843300906e-11,7.460406015886914e-06
0.6566566566566566,8.726878291529156e-12,635783.9416736466,2.885466159129449e-11,7.372346427056332e-06
0.6576576576576576,8.726878291529156e-12,635783.9416736466,2.851407293832251e-11,7.285326257684757e-06
0.6586586586586587,8.726878291529156e-12,635783.9416736466,2.817750445485299e-11,7.19933323888897e-06
0.6596596596596597,8.726878291529156e-12,635783.9416736466,2.7844908688445325e-11,7.114355246602643e-06
0.6606606606606606,8.726878291529156e-12,635783.9416736466,2.7516238746768148e-11,7.03038029986698e-06
0.6616616616616616,8.726878291529156e-12,635783.9416736466,2.7191448290988046e-11,6.947396559141535e-06
0.6626626626626626,8.726878291529156e-12,635783.9416736466,2.6870491529236285e-11,6.8653923246349664e-06
0.6636636636636637,8.726878291529156e-12,635783.9416736466,2.6553323210152657e-11,6.784356034655497e-06
0.6646646646646647,8.726878291529156e-12,635783.9416736466,2.623989861650558e-11,6.704276263980842e-06
0.6656656656656657,8.726878291529156e-12,635783.9416736466,2.5930173558887393e-11,6.625141722247378e-06
0.6666666666666666,8.726878291529156e-12,635783.9416736466,2.562410436948419e-11,6.546941252358331e-06
0.6676676676676676,8.726878291529156e-12,635783.9416736466,2.5321647895919134e-11,6.469663828910739e-06
0.6686686686686687,8.726878291529156e-12,635783.9416736466,2.502276149516842e-11,6.3932985566410046e-06
0.6696696696696697,8.726878291529156e-12,635783.9416736466,2.472740302754911e-11,6.317834668888774e-06
0.6706706706706707,8.726878291529156e-12,635783.9416736466,2.4435530850777884e-11,6.243261526078958e-06
0.6716716716716716,8.726878291529156e-12,635783.9416736466,2.414710381409995e-11,6.1695686142216745e-06
0.6726726726726726,8.726878291529156e-12,635783.9416736466,2.3862081252487235e-11,6.096745543429885e-06
0.6736736736736737,8.726878291529156e-12,635783.9416736466,2.3580422980905052e-11,6.0247820464545405e-06
0.6746746746746747,8.726878291529156e-12,635783.9416736466,2.330208928864651e-11,5.9536679772370105e-06
0.6756756756756757,8.726878291529156e-12,635783.9416736466,2.3027040933733645e-11,5.8833933094786e-06
0.6766766766766766,8.726878291529156e-12,635783.9416736466,2.2755239137384824e-11,5.813948135226956e-06
0.6776776776776777,8.726878291529156e-12,635783.9416736466,2.248664557854734e-11,5.745322663479149e-06
0.6786786786786787,8.726878291529156e-12,635783.9416736466,2.2221222388494525e-11,5.677507218801256e-06
0.6796796796796797,8.726878291529156e-12,635783.9416736466,2.1958932145486735e-11,5.610492239964228e-06
0.6806806806806807,8.726878291529156e-12,635783.9416736466,2.1699737869495266e-11,5.544268278595861e-06
0.6816816816816816,8.726878291529156e-12,635783.9416736466,2.1443603016988582e-11,5.478825997848686e-06
0.6826826826826827,8.726878291529156e-12,635783.9416736466,2.119049147578009e-11,5.414156171083567e-06
0.6836836836836837,8.726878291529156e-12,635783.9416736466,2.094036755993671e-11,5.3502496805688545e-06
0.6846846846846847,8.726878291529156e-12,635783.9416736466,2.0693196004747556e-11,5.287097516194884e-06
0.6856856856856857,8.726878291529156e-12,635783.9416736466,2.0448941961752003e-11,5.224690774203649e-06
0.6866866866866866,8.726878291529156e-12,635783.9416736466,2.0207570993826438e-11,5.163020655933469e-06
0.6876876876876877,8.726878291529156e-12,635783.9416736466,1.996904907032901e-11,5.102078466578476e-06
0.6886886886886887,8.726878291529156e-12,635783.9416736466,1.9733342562301667e-11,5.041855613962746e-06
0.6896896896896897,8.726878291529156e-12,635783.9416736466,1.9500418237728867e-11,4.98234360732889e-06
0.6906906906906907,8.726878291529156e-12,635783.9416736466,1.927024325685222e-11,4.9235340561409575e-06
0.6916916916916916,8.726878291529156e-12,635783.9416736466,1.9042785167540446e-11,4.86541866890146e-06
0.6926926926926927,8.726878291529156e-12,635783.9416736466,1.881801190071398e-11,4.807989251982365e-06
0.6936936936936937,8.726878291529156e-12,635783.9416736466,1.8595891765823588e-11,4.7512377084698775e-06
0.6946946946946947,8.726878291529156e-12,635783.9416736466,1.8376393446382357e-11,4.695156037022874e-06
0.6956956956956957,8.726878291529156e-12,635783.9416736466,1.81594859955504e-11,4.639736330744796e-06
0.6966966966966966,8.726878291529156e-12,635783.9416736466,1.7945138831771702e-11,4.584970776068865e-06
0.6976976976976977,8.726878291529156e-12,635783.9416736466,1.7733321734462465e-11,4.530851651656457e-06
0.6986986986986987,8.726878291529156e-12,635783.9416736466,1.752400483975033e-11,4.47737132730848e-06
0.6996996996996997,8.726878291529156e-12,635783.9416736466,1.7317158636263898e-11,4.4245222628895974e-06
0.7007007007007007,8.726878291529156e-12,635783.9416736466,1.711275396097196e-11,4.372297007265156e-06
0.7017017017017017,8.726878291529156e-12,635783.9416736466,1.691076199507184e-11,4.320688197250654e-06
0.7027027027027027,8.726878291529156e-12,635783.9416736466,1.6711154259926224e-11,4.269688556573617e-06
0.7037037037037037,8.726878291529156e-12,635783.9416736466,1.6513902613048054e-11,4.2192908948477205e-06
0.7047047047047047,8.726878291529156e-12,635783.9416736466,1.631897924413267e-11,4.169488106559028e-06
0.7057057057057057,8.726878291529156e-12,635783.9416736466,1.612635667113692e-11,4.120273170064188e-06
0.7067067067067067,8.726878291529156e-12,635783.9416736466,1.593600773640447e-11,4.071639146600467e-06
0.7077077077077077,8.726878291529156e-12,635783.9416736466,1.5747905602836887e-11,4.023579179307452e-06
0.7087087087087087,8.726878291529156e-12,635783.9416736466,1.55620237501099e-11,3.976086492260313e-06
0.7097097097097097,8.726878291529156e-12,635783.9416736466,1.5378335970934313e-11,3.929154389514475e-06
0.7107107107107107,8.726878291529156e-12,635783.9416736466,1.5196816367361098e-11,3.882776254161558e-06
0.7117117117117117,8.726878291529156e-12,635783.9416736466,1.501743934713004e-11,3.83694554739647e-06
0.7127127127127127,8.726878291529156e-12,635783.9416736466,1.4840179620061515e-11,3.7916558075955056e-06
0.7137137137137137,8.726878291529156e-12,635783.9416736466,1.4665012194490883e-11,3.746900649405331e-06
0.7147147147147147,8.726878291529156e-12,635783.9416736466,1.449191237374489e-11,3.702673762842717e-06
0.7157157157157157,8.726878291529156e-12,635783.9416736466,1.4320855752659756e-11,3.658968912404902e-06
0.7167167167167167,8.726878291529156e-12,635783.9416736466,1.41518182141403e-11,3.6157799361904548e-06
0.7177177177177178,8.726878291529156e-12,635783.9416736466,1.3984775925759671e-11,3.5731007450305154e-06
0.7187187187187187,8.726878291529156e-12,635783.9416736466,1.3819705336399286e-11,3.530925321630288e-06
0.7197197197197197,8.726878291529156e-12,635783.9416736466,1.3656583172928341e-11,3.48924771972067e-06
0.7207207207207207,8.726878291529156e-12,635783.9416736466,1.3495386436922583e-11,3.448062063219893e-06
0.7217217217217217,8.726878291529156e-12,635783.9416736466,1.333609240142176e-11,3.4073625454050606e-06
0.7227227227227228,8.726878291529156e-12,635783.9416736466,1.317867860772541e-11,3.367143428093464e-06
0.7237237237237237,8.726878291529156e-12,635783.9416736466,1.3023122862226384e-11,3.3273990408335626e-06
0.7247247247247247,8.726878291529156e-12,635783.9416736466,1.2869403233281834e-11,3.2881237801055117e-06
0.7257257257257257,8.726878291529156e-12,635783.9416736466,1.2717498048121073e-11,3.2493121085311293e-06
0.7267267267267267,8.726878291529156e-12,635783.9416736466,1.256738588978995e-11,3.2109585540931855e-06
0.7277277277277278,8.726878291529156e-12,635783.9416736466,1.2419045594131313e-11,3.1730577093639095e-06
0.7287287287287287,8.726878291529156e-12,635783.9416736466,1.2272456246801072e-11,3.135604230742602e-06
0.7297297297297297,8.726878291529156e-12,635783.9416736466,1.2127597180319535e-11,3.098592837702246e-06
0.7307307307307307,8.726878291529156e-12,635783.9416736466,1.1984447971157505e-11,3.062018312045011e-06
0.7317317317317317,8.726878291529156e-12,635783.9416736466,1.1842988436856791e-11,3.0258754971665445e-06
0.7327327327327328,8.726878291529156e-12,635783.9416736466,1.1703198633184695e-11,2.990159297328949e-06
0.7337337337337337,8.726878291529156e-12,635783.9416736466,1.1565058851322118e-11,2.9548646769423365e-06
0.7347347347347347,8.726878291529156e-12,635783.9416736466,1.1428549615084815e-11,2.9199866598548684e-06
0.7357357357357357,8.726878291529156e-12,635783.9416736466,1.1293651678177472e-11,2.8855203286511725e-06
0.7367367367367368,8.726878291529156e-12,635783.9416736466,1.1160346021480193e-11,2.8514608239590408e-06
0.7377377377377378,8.726878291529156e-12,635783.9416736466,1.1028613850367019e-11,2.8178033437643124e-06
0.7387387387387387,8.726878291529156e-12,635783.9416736466,1.0898436592056082e-11,2.784543142733843e-06
0.7397397397397397,8.726878291529156e-12,635783.9416736466,1.0769795892991057e-11,2.7516755315464634e-06
0.7407407407407407,8.726878291529156e-12,635783.9416736466,1.0642673616253505e-11,2.7191958762318393e-06
0.7417417417417418,8.726878291529156e-12,635783.9416736466,1.0517051839005773e-11,2.687099597517131e-06
0.7427427427427428,8.726878291529156e-12,635783.9416736466,1.039291284996408e-11,2.6553821701813683e-06
0.7437437437437437,8.726878291529156e-12,635783.9416736466,1.0270239146901405e-11,2.6240391224174416e-06
0.7447447447447447,8.726878291529156e-12,635783.9416736466,1.0149013434179874e-11,2.5930660352016285e-06
0.7457457457457457,8.726878291529156e-12,635783.9416736466,1.0029218620312268e-11,2.56245854167056e-06
0.7467467467467468,8.726878291529156e-12,635783.9416736466,9.91083781555231e-12,2.5322123265055403e-06
0.7477477477477478,8.726878291529156e-12,635783.9416736466,9.793854329513398e-12,2.502323125324135e-06
0.7487487487487487,8.726878291529156e-12,635783.9416736466,9.678251668815442e-12,2.4727867240789405e-06
0.7497497497497497,8.726878291529156e-12,635783.9416736466,9.564013534759485e-12,2.4435989584634486e-06
0.7507507507507507,8.726878291529156e-12,635783.9416736466,9.451123821029752e-12,2.414755713324927e-06
0.7517517517517518,8.726878291529156e-12,635783.9416736466,9.339566611422864e-12,2.386252922084226e-06
0.7527527527527528,8.726878291529156e-12,635783.9416736466,9.229326177603798e-12,2.358086566162439e-06
0.7537537537537538,8.726878291529156e-12,635783.9416736466,9.120386976888393e-12,2.3302526744143236e-06
0.7547547547547547,8.726878291529156e-12,635783.9416736466,9.012733650051983e-12,2.3027473225684166e-06
0.7557557557557557,8.726878291529156e-12,635783.9416736466,8.906351019163928e-12,2.275566632673754e-06
0.7567567567567568,8.726878291529156e-12,635783.9416736466,8.801224085447683e-12,2.2487067725531224e-06
0.7577577577577578,8.726878291529156e-12,635783.9416736466,8.69733802716615e-12,2.2221639552627643e-06
0.7587587587587588,8.726878291529156e-12,635783.9416736466,8.594678197531958e-12,2.1959344385584626e-06
0.7597597597597597,8.726878291529156e-12,635783.9416736466,8.49323012264245e-12,2.1700145243679233e-06
0.7607607607607607,8.726878291529156e-12,635783.9416736466,8.392979499439006e-12,2.144400558269389e-06
0.7617617617617618,8.726878291529156e-12,635783.9416736466,8.293912193690468e-12,2.1190889289764056e-06
0.7627627627627628,8.726878291529156e-12,635783.9416736466,8.196014238000383e-12,2.0940760678286715e-06
0.7637637637637638,8.726878291529156e-12,635783.9416736466,8.099271829837748e-12,2.0693584482888946e-06
0.7647647647647647,8.726878291529156e-12,635783.9416736466,8.003671329591001e-12,2.044932585445591e-06
0.7657657657657657,8.726878291529156e-12,635783.9416736466,7.909199258644994e-12,2.0207950355217495e-06
0.7667667667667668,8.726878291529156e-12,635783.9416736466,7.815842297480645e-12,1.996942395389298e-06
0.7677677677677678,8.726878291529156e-12,635783.9416736466,7.72358728379705e-12,1.9733713020892996e-06
0.7687687687687688,8.726878291529156e-12,635783.9416736466,7.63242121065573e-12,1.950078432357813e-06
0.7697697697697697,8.726878291529156e-12,635783.9416736466,7.542331224646805e-12,1.9270605021573476e-06
0.7707707707707707,8.726878291529156e-12,635783.9416736466,7.453304624076795e-12,1.904314266213853e-06
0.7717717717717718,8.726878291529156e-12,635783.9416736466,7.365328857177833e-12,1.8818365175591683e-06
0.7727727727727728,8.726878291529156e-12,635783.9416736466,7.278391520338e-12,1.859624087078877e-06
0.7737737737737738,8.726878291529156e-12,635783.9416736466,7.19248035635254e-12,1.837673843065496e-06
0.7747747747747747,8.726878291529156e-12,635783.9416736466,7.107583252695756e-12,1.8159826907769399e-06
0.7757757757757757,8.726878291529156e-12,635783.9416736466,7.023688239813254e-12,1.7945475720001958e-06
0.7767767767767768,8.726878291529156e-12,635783.9416736466,6.9407834894343815e-12,1.77336546462015e-06
0.7777777777777778,8.726878291529156e-12,635783.9416736466,6.858857312904561e-12,1.752433382193502e-06
0.7787787787787788,8.726878291529156e-12,635783.9416736466,6.777898159537329e-12,1.7317483735277103e-06
0.7797797797797797,8.726878291529156e-12,635783.9416736466,6.6978946149858135e-12,1.7113075222649053e-06
0.7807807807807807,8.726878291529156e-12,635783.9416736466,6.6188353996334276e-12,1.6911079464707166e-06
0.7817817817817818,8.726878291529156e-12,635783.9416736466,6.540709367003592e-12,1.6711467982279507e-06
0.7827827827827828,8.726878291529156e-12,635783.9416736466,6.463505502188172e-12,1.651421263235067e-06
0.7837837837837838,8.726878291529156e-12,635783.9416736466,6.387212920294527e-12,1.6319285604093922e-06
0.7847847847847848,8.726878291529156e-12,635783.9416736466,6.311820864910842e-12,1.612665941495018e-06
0.7857857857857857,8.726878291529156e-12,635783.9416736466,6.237318706589603e-12,1.5936306906753275e-06
0.7867867867867868,8.726878291529156e-12,635783.9416736466,6.163695941348953e-12,1.5748201241900955e-06
0.7877877877877878,8.726878291529156e-12,635783.9416736466,6.0909421891917515e-12,1.5562315899571072e-06
0.7887887887887888,8.726878291529156e-12,635783.9416736466,6.019047192642116e-12,1.5378624671982443e-06
0.7897897897897898,8.726878291529156e-12,635783.9416736466,5.948000815299218e-12,1.5197101660699843e-06
0.7907907907907907,8.726878291529156e-12,635783.9416736466,5.8777930404081686e-12,1.5017721272982608e-06
0.7917917917917918,8.726878291529156e-12,635783.9416736466,5.808413969447771e-12,1.4840458218176345e-06
0.7927927927927928,8.726878291529156e-12,635783.9416736466,5.7398538207349306e-12,1.4665287504147227e-06
0.7937937937937938,8.726878291529156e-12,635783.9416736466,5.672102928045549e-12,1.4492184433758377e-06
0.7947947947947948,8.726878291529156e-12,635783.9416736466,5.605151739251698e-12,1.4321124601387846e-06
0.7957957957957957,8.726878291529156e-12,635783.9416736466,5.538990814974865e-12,1.4152083889487688e-06
0.7967967967967968,8.726878291529156e-12,635783.9416736466,5.473610827255113e-12,1.3985038465183655e-06
0.7977977977977978,8.726878291529156e-12,635783.9416736466,5.409002558235936e-12,1.3819964776915023e-06
0.7987987987987988,8.726878291529156e-12,635783.9416736466,5.345156898864647e-12,1.3656839551114082e-06
0.7997997997997998,8.726878291529156e-12,635783.9416736466,5.282064847608104e-12,1.3495639788924815e-06
0.8008008008008007,8.726878291529156e-12,635783.9416736466,5.219717509183581e-12,1.3336342762960326e-06
0.8018018018018018,8.726878291529156e-12,635783.9416736466,5.1581060933046486e-12,1.3178926014098518e-06
0.8028028028028028,8.726878291529156e-12,635783.9416736466,5.097221913441828e-12,1.3023367348315607e-06
0.8038038038038038,8.726878291529156e-12,635783.9416736466,5.037056385597892e-12,1.286964483355701e-06
0.8048048048048048,8.726878291529156e-12,635783.9416736466,4.977601027097611e-12,1.2717736796645172e-06
0.8058058058058059,8.726878291529156e-12,635783.9416736466,4.918847455391797e-12,1.256762182022388e-06
0.8068068068068068,8.726878291529156e-12,635783.9416736466,4.860787386875451e-12,1.2419278739738655e-06
0.8078078078078078,8.726878291529156e-12,635783.9416736466,4.803412635719867e-12,1.2272686640452787e-06
0.8088088088088088,8.726878291529156e-12,635783.9416736466,4.7467151127185225e-12,1.2127824854498585e-06
0.8098098098098098,8.726878291529156e-12,635783.9416736466,4.69068682414659e-12,1.1984672957963434e-06
0.8108108108108109,8.726878291529156e-12,635783.9416736466,4.6353198706339024e-12,1.1843210768010251e-06
0.8118118118118118,8.726878291529156e-12,635783.9416736466,4.580606446051242e-12,1.170341834003193e-06
0.8128128128128128,8.726878291529156e-12,635783.9416736466,4.526538836409754e-12,1.1565275964839368e-06
0.8138138138138138,8.726878291529156e-12,635783.9416736466,4.4731094187733585e-12,1.1428764165882687e-06
0.8148148148148148,8.726878291529156e-12,635783.9416736466,4.420310660184003e-12,1.1293863696505261e-06
0.8158158158158159,8.726878291529156e-12,635783.9416736466,4.368135116599601e-12,1.1160555537230144e-06
0.8168168168168168,8.726878291529156e-12,635783.9416736466,4.3165754318445e-12,1.102882089307854e-06
0.8178178178178178,8.726878291529156e-12,635783.9416736466,4.265624336572345e-12,1.0898641190919906e-06
0.8188188188188188,8.726878291529156e-12,635783.9416736466,4.215274647241176e-12,1.0769998076853365e-06
0.8198198198198198,8.726878291529156e-12,635783.9416736466,4.165519265100636e-12,1.064287341361999e-06
0.8208208208208209,8.726878291529156e-12,635783.9416736466,4.11635117519112e-12,1.0517249278045662e-06
0.8218218218218218,8.726878291529156e-12,635783.9416736466,4.06776344535474e-12,1.0393107958514096e-06
0.8228228228228228,8.726878291529156e-12,635783.9416736466,4.019749225257977e-12,1.0270431952469698e-06
0.8238238238238238,8.726878291529156e-12,635783.9416736466,3.9723017454258505e-12,1.0149203963949902e-06
0.8248248248248248,8.726878291529156e-12,635783.9416736466,3.9254143162875025e-12,1.0029406901146626e-06
0.8258258258258259,8.726878291529156e-12,635783.9416736466,3.879080327233039e-12,9.911023873996517e-07
0.8268268268268268,8.726878291529156e-12,635783.9416736466,3.833293245681509e-12,9.79403819179964e-07
0.8278278278278278,8.726878291529156e-12,635783.9416736466,3.788046616159881e-12,9.678433360866273e-07
0.8288288288288288,8.726878291529156e-12,635783.9416736466,3.743334059392893e-12,9.564193082191473e-07
0.8298298298298298,8.726878291529156e-12,635783.9416736466,3.699149271403649e-12,9.451301249157109e-07
0.8308308308308309,8.726878291529156e-12,635783.9416736466,3.6554860226248174e-12,9.339741945260992e-07
0.8318318318318318,8.726878291529156e-12,635783.9416736466,3.6123381570203466e-12,9.229499441872837e-07
0.8328328328328328,8.726878291529156e-12,635783.9416736466,3.5696995912175143e-12,9.120558196016692e-07
0.8338338338338338,8.726878291529156e-12,635783.9416736466,3.527564313649255e-12,9.012902848179548e-07
0.8348348348348348,8.726878291529156e-12,635783.9416736466,3.4859263837065834e-12,8.906518220145826e-07
0.8358358358358359,8.726878291529156e-12,635783.9416736466,3.44477993090104e-12,8.801389312857408e-07
0.8368368368368369,8.726878291529156e-12,635783.9416736466,3.404119154037018e-12,8.697501304298941e-07
0.8378378378378378,8.726878291529156e-12,635783.9416736466,3.363938320393855e-12,8.594839547408091e-07
0.8388388388388388,8.726878291529156e-12,635783.9416736466,3.3242317649175836e-12,8.493389568010475e-07
0.8398398398398398,8.726878291529156e-12,635783.9416736466,3.284993889422224e-12,8.393137062778955e-07
0.8408408408408409,8.726878291529156e-12,635783.9416736466,3.2462191618004982e-12,8.294067897217036e-07
0.8418418418418419,8.726878291529156e-12,635783.9416736466,3.2079021152438676e-12,8.19616810366605e-07
0.8428428428428428,8.726878291529156e-12,635783.9416736466,3.170037347471768e-12,8.099423879335873e-07
0.8438438438438438,8.726878291529156e-12,635783.9416736466,3.1326195199699536e-12,8.003821584358885e-07
0.8448448448448448,8.726878291529156e-12,635783.9416736466,3.0956433572378225e-12,7.909347739866899e-07
0.8458458458458459,8.726878291529156e-12,635783.9416736466,3.0591036460446265e-12,7.815989026090786e-07
0.8468468468468469,8.726878291529156e-12,635783.9416736466,3.0229952346944708e-12,7.723732280482542e-07
0.8478478478478478,8.726878291529156e-12,635783.9416736466,2.987313032299973e-12,7.632564495859504e-07
0.8488488488488488,8.726878291529156e-12,635783.9416736466,2.9520520080645102e-12,7.542472818570492e-07
0.8498498498498498,8.726878291529156e-12,635783.9416736466,2.9172071905729318e-12,7.453444546683577e-07
0.8508508508508509,8.726878291529156e-12,635783.9416736466,2.8827736670906407e-12,7.365467128195252e-07
0.8518518518518519,8.726878291529156e-12,635783.9416736466,2.8487465828709555e-12,7.27852815926074e-07
0.8528528528528528,8.726878291529156e-12,635783.9416736466,2.8151211404706444e-12,7.192615382445186e-07
0.8538538538538538,8.726878291529156e-12,635783.9416736466,2.7818925990735374e-12,7.107716684995494e-07
0.8548548548548548,8.726878291529156e-12,635783.9416736466,2.7490562738221254e-12,7.023820097132566e-07
0.8558558558558559,8.726878291529156e-12,635783.9416736466,2.7166075351570443e-12,6.940913790363692e-07
0.8568568568568569,8.726878291529156e-12,635783.9416736466,2.6845418081643627e-12,6.858986075814863e-07
0.8578578578578578,8.726878291529156e-12,635783.9416736466,2.652854571930564e-12,6.778025402582773e-07
0.8588588588588588,8.726878291529156e-12,635783.9416736466,2.621541358905152e-12,6.698020356106262e-07
0.8598598598598598,8.726878291529156e-12,635783.9416736466,2.590597754270772e-12,6.618959656556994e-07
0.8608608608608609,8.726878291529156e-12,635783.9416736466,2.560019395320774e-12,6.540832157249126e-07
0.8618618618618619,8.726878291529156e-12,635783.9416736466,2.529801970844117e-12,6.463626843067746e-07
0.8628628628628628,8.726878291529156e-12,635783.9416736466,2.499941220517535e-12,6.387332828915864e-07
0.8638638638638638,8.726878291529156e-12,635783.9416736466,2.4704329343048805e-12,6.311939358179735e-07
0.8648648648648649,8.726878291529156e-12,635783.9416736466,2.4412729518635558e-12,6.237435801212293e-07
0.8658658658658659,8.726878291529156e-12,635783.9416736466,2.4124571619579487e-12,6.163811653834491e-07
0.8668668668668669,8.726878291529156e-12,635783.9416736466,2.3839815018797948e-12,6.091056535854322e-07
0.8678678678678678,8.726878291529156e-12,635783.9416736466,2.3558419568753816e-12,6.019160189603333e-07
0.8688688688688688,8.726878291529156e-12,635783.9416736466,2.3280345595795095e-12,5.948112478490406e-07
0.8698698698698699,8.726878291529156e-12,635783.9416736466,2.3005553894561406e-12,5.877903385572605e-07
0.8708708708708709,8.726878291529156e-12,635783.9416736466,2.273400572245646e-12,5.808523012142907e-07
0.8718718718718719,8.726878291529156e-12,635783.9416736466,2.2465662794185735e-12,5.739961576334581e-07
0.8728728728728729,8.726878291529156e-12,635783.9416736466,2.2200487276358733e-12,5.672209411742065e-07
0.8738738738738738,8.726878291529156e-12,635783.9416736466,2.1938441782154848e-12,5.605256966058104e-07
0.8748748748748749,8.726878291529156e-12,635783.9416736466,2.1679489366052257e-12,5.539094799726979e-07
0.8758758758758759,8.726878291529156e-12,635783.9416736466,2.1423593518618998e-12,5.473713584613637e-07
0.8768768768768769,8.726878291529156e-12,635783.9416736466,2.117071816136556e-12,5.409104102688524e-07
0.8778778778778779,8.726878291529156e-12,635783.9416736466,2.092082764165819e-12,5.345257244727947e-07
0.8788788788788788,8.726878291529156e-12,635783.9416736466,2.0673886727692274e-12,5.282164009029772e-07
0.8798798798798799,8.726878291529156e-12,635783.9416736466,2.0429860603525068e-12,5.219815500144286e-07
0.8808808808808809,8.726878291529156e-12,635783.9416736466,2.018871486416699e-12,5.158202927620034e-07
0.8818818818818819,8.726878291529156e-12,635783.9416736466,1.995041551073092e-12,5.097317604764462e-07
0.8828828828828829,8.726878291529156e-12,635783.9416736466,1.971492894563874e-12,5.037150947419193e-07
0.8838838838838838,8.726878291529156e-12,635783.9416736466,1.9482221967884434e-12,4.977694472749754e-07
0.8848848848848849,8.726878291529156e-12,635783.9416736466,1.925226176835311e-12,4.918939798049587e-07
0.8858858858858859,8.726878291529156e-12,635783.9416736466,1.9025015925195288e-12,4.860878639558182e-07
0.8868868868868869,8.726878291529156e-12,635783.9416736466,1.8800452399255762e-12,4.803502811293163e-07
0.8878878878878879,8.726878291529156e-12,635783.9416736466,1.8578539529556464e-12,4.746804223896142e-07
0.8888888888888888,8.726878291529156e-12,635783.9416736466,1.835924602883257e-12,4.6907748834922243e-07
0.8898898898898899,8.726878291529156e-12,635783.9416736466,1.8142540979121374e-12,4.635406890562949e-07
0.8908908908908909,8.726878291529156e-12,635783.9416736466,1.7928393827403183e-12,4.5806924388325507e-07
0.8918918918918919,8.726878291529156e-12,635783.9416736466,1.7716774381293699e-12,4.526623814167356e-07
0.8928928928928929,8.726878291529156e-12,635783.9416736466,1.750765280478719e-12,4.473193393488179e-07
0.8938938938938938,8.726878291529156e-12,635783.9416736466,1.7300999614049975e-12,4.420393643695551e-07
0.8948948948948949,8.726878291529156e-12,635783.9416736466,1.7096785673263511e-12,4.3682171206076353e-07
0.8958958958958959,8.726878291529156e-12,635783.9416736466,1.6894982190516574e-12,4.3166564679106803e-07
0.8968968968968969,8.726878291529156e-12,635783.9416736466,1.6695560713745915e-12,4.2657044161218613e-07
0.8978978978978979,8.726878291529156e-12,635783.9416736466,1.6498493126724816e-12,4.215353781564362e-07
0.8988988988988988,8.726878291529156e-12,635783.9416736466,1.6303751645099057e-12,4.1655974653545574e-07
0.8998998998998999,8.726878291529156e-12,635783.9416736466,1.6111308812469566e-12,4.116428452401148e-07
0.9009009009009009,8.726878291529156e-12,635783.9416736466,1.592113749652143e-12,4.0678398104161095e-07
0.9019019019019019,8.726878291529156e-12,635783.9416736466,1.57332108851985e-12,4.0198246889373184e-07
0.9029029029029029,8.726878291529156e-12,635783.9416736466,1.5547502482923197e-12,3.97237631836271e-07
0.9039039039039038,8.726878291529156e-12,635783.9416736466,1.5363986106860933e-12,3.9254880089958403e-07
0.9049049049049049,8.726878291529156e-12,635783.9416736466,1.518263588322862e-12,3.879153150102714e-07
0.9059059059059059,8.726878291529156e-12,635783.9416736466,1.5003426243646745e-12,3.833365208979741e-07
0.9069069069069069,8.726878291529156e-12,635783.9416736466,1.4826331921534519e-12,3.788117730032701e-07
0.9079079079079079,8.726878291529156e-12,635783.9416736466,1.4651327948547553e-12,3.743404333866573e-07
0.9089089089089089,8.726878291529156e-12,635783.9416736466,1.4478389651057623e-12,3.699218716386112e-07
0.9099099099099099,8.726878291529156e-12,635783.9416736466,1.4307492646673939e-12,3.6555546479070415e-07
0.9109109109109109,8.726878291529156e-12,635783.9416736466,1.4138612840805504e-12,3.612405972277737e-07
0.9119119119119119,8.726878291529156e-12,635783.9416736466,1.3971726423264045e-12,3.569766606011275e-07
0.9129129129129129,8.726878291529156e-12,635783.9416736466,1.3806809864907032e-12,3.527630537427731e-07
0.9139139139139139,8.726878291529156e-12,635783.9416736466,1.3643839914320341e-12,3.4859918258065965e-07
0.914914914914915,8.726878291529156e-12,635783.9416736466,1.3482793594540052e-12,3.4448446005492046e-07
0.9159159159159159,8.726878291529156e-12,635783.9416736466,1.3323648199812944e-12,3.4041830603510403e-07
0.9169169169169169,8.726878291529156e-12,635783.9416736466,1.3166381292395255e-12,3.3640014723838194e-07
0.9179179179179179,8.726878291529156e-12,635783.9416736466,1.301097069938919e-12,3.324294171487224e-07
0.9189189189189189,8.726878291529156e-12,635783.9416736466,1.2857394509616797e-12,3.2850555593701775e-07
0.91991991991992,8.726878291529156e-12,635783.9416736466,1.2705631070530722e-12,3.2462801038215474e-07
0.9209209209209209,8.726878291529156e-12,635783.9416736466,1.2555658985161451e-12,3.207962337930164e-07
0.9219219219219219,8.726878291529156e-12,635783.9416736466,1.2407457109100572e-12,3.170096859314046e-07
0.9229229229229229,8.726878291529156e-12,635783.9416736466,1.2261004547519632e-12,3.132678329358726e-07
0.9239239239239239,8.726878291529156e-12,635783.9416736466,1.211628065222422e-12,3.095701472464563e-07
0.924924924924925,8.726878291529156e-12,635783.9416736466,1.1973265018742783e-12,3.059161075302942e-07
0.9259259259259259,8.726878291529156e-12,635783.9416736466,1.1831937483449823e-12,3.023051986081251e-07
0.9269269269269269,8.726878291529156e-12,635783.9416736466,1.169227812072305e-12,2.987369113816538e-07
0.9279279279279279,8.726878291529156e-12,635783.9416736466,1.1554267240134096e-12,2.952107427617735e-07
0.9289289289289289,8.726878291529156e-12,635783.9416736466,1.1417885383672372e-12,2.917261955976361e-07
0.92992992992993,8.726878291529156e-12,635783.9416736466,1.1283113323001708e-12,2.8828277860655913e-07
0.9309309309309309,8.726878291529156e-12,635783.9416736466,1.114993205674937e-12,2.8488000630476056e-07
0.9319319319319319,8.726878291529156e-12,635783.9416736466,1.1018322807827068e-12,2.8151739893891086e-07
0.9329329329329329,8.726878291529156e-12,635783.9416736466,1.0888267020783616e-12,2.7819448241849297e-07
0.933933933933934,8.726878291529156e-12,635783.9416736466,1.075974635918879e-12,2.74910788248961e-07
0.934934934934935,8.726878291529156e-12,635783.9416736466,1.0632742703048118e-12,2.7166585346568743e-07
0.9359359359359359,8.726878291529156e-12,635783.9416736466,1.0507238146248137e-12,2.684592205686904e-07
0.9369369369369369,8.726878291529156e-12,635783.9416736466,1.0383214994031854e-12,2.6529043745813107e-07
0.9379379379379379,8.726878291529156e-12,635783.9416736466,1.0260655760503961e-12,2.6215905737057277e-07
0.938938938938939,8.726878291529156e-12,635783.9416736466,1.0139543166165528e-12,2.590646388159921e-07
0.93993993993994,8.726878291529156e-12,635783.9416736466,1.0019860135477775e-12,2.5600674551553376e-07
0.9409409409409409,8.726878291529156e-12,635783.9416736466,9.901589794454622e-13,2.529849463400001e-07
0.9419419419419419,8.726878291529156e-12,635783.9416736466,9.784715468283636e-13,2.4999881524906663e-07
0.9429429429429429,8.726878291529156e-12,635783.9416736466,9.66922067897506e-13,2.470479312312149e-07
0.943943943943944,8.726878291529156e-12,635783.9416736466,9.555089143038608e-13,2.441318782443748e-07
0.944944944944945,8.726878291529156e-12,635783.9416736466,9.442304769187676e-13,2.412502451572671e-07
0.9459459459459459,8.726878291529156e-12,635783.9416736466,9.330851656070633e-13,2.3840262569143825e-07
0.9469469469469469,8.726878291529156e-12,635783.9416736466,9.22071409002892e-13,2.3558861836398e-07
0.9479479479479479,8.726878291529156e-12,635783.9416736466,9.111876542881592e-13,2.3280782643092452e-07
0.948948948948949,8.726878291529156e-12,635783.9416736466,9.004323669736015e-13,2.3005985783130783e-07
0.94994994994995,8.726878291529156e-12,635783.9416736466,8.898040306824411e-13,2.2734432513189366e-07
0.950950950950951,8.726878291529156e-12,635783.9416736466,8.793011469365925e-13,2.246608454725496e-07
0.9519519519519519,8.726878291529156e-12,635783.9416736466,8.689222349453943e-13,2.2200904051226798e-07
0.9529529529529529,8.726878291529156e-12,635783.9416736466,8.586658313968342e-13,2.1938853637582412e-07
0.953953953953954,8.726878291529156e-12,635783.9416736466,8.485304902512377e-13,2.1679896360106388e-07
0.954954954954955,8.726878291529156e-12,635783.9416736466,8.385147825373924e-13,2.1423995708681367e-07
0.955955955955956,8.726878291529156e-12,635783.9416736466,8.286172961510794e-13,2.117111560414052e-07
0.9569569569569569,8.726878291529156e-12,635783.9416736466,8.188366356559819e-13,2.0921220393180787e-07
0.9579579579579579,8.726878291529156e-12,635783.9416736466,8.09171422086944e-13,2.0674274843336143e-07
0.958958958958959,8.726878291529156e-12,635783.9416736466,7.996202927555514e-13,2.0430244138010223e-07
0.95995995995996,8.726878291529156e-12,635783.9416736466,7.901819010580092e-13,2.0189093871567559e-07
0.960960960960961,8.726878291529156e-12,635783.9416736466,7.808549162852825e-13,1.9950790044482766e-07
0.9619619619619619,8.726878291529156e-12,635783.9416736466,7.716380234354841e-13,1.9715299058546987e-07
0.9629629629629629,8.726878291529156e-12,635783.9416736466,7.625299230284723e-13,1.9482587712130915e-07
0.963963963963964,8.726878291529156e-12,635783.9416736466,7.535293309226391e-13,1.9252623195503728e-07
0.964964964964965,8.726878291529156e-12,635783.9416736466,7.446349781338597e-13,1.902537308620728e-07
0.965965965965966,8.726878291529156e-12,635783.9416736466,7.3584561065658e-13,1.8800805344484892e-07
0.9669669669669669,8.726878291529156e-12,635783.9416736466,7.271599892870168e-13,1.8578888308764107e-07
0.9679679679679679,8.726878291529156e-12,635783.9416736466,7.185768894484415e-13,1.8359590691192743e-07
0.968968968968969,8.726878291529156e-12,635783.9416736466,7.100951010185303e-13,1.8142881573227665e-07
0.96996996996997,8.726878291529156e-12,635783.9416736466,7.017134281587499e-13,1.7928730401275608e-07
0.970970970970971,8.726878291529156e-12,635783.9416736466,6.934306891457566e-13,1.771710698238545e-07
0.9719719719719719,8.726878291529156e-12,635783.9416736466,6.852457162047867e-13,1.7507981479991353e-07
0.9729729729729729,8.726878291529156e-12,635783.9416736466,6.771573553450142e-13,1.7301324409706124e-07
0.973973973973974,8.726878291529156e-12,635783.9416736466,6.691644661968493e-13,1.709710663516425e-07
0.974974974974975,8.726878291529156e-12,635783.9416736466,6.612659218511599e-13,1.6895299363913987e-07
0.975975975975976,8.726878291529156e-12,635783.9416736466,6.534606087003896e-13,1.6695874143357946e-07
0.9769769769769769,8.726878291529156e-12,635783.9416736466,6.457474262815507e-13,1.6498802856741587e-07
0.9779779779779779,8.726878291529156e-12,635783.9416736466,6.381252871210723e-13,1.6304057719189075e-07
0.978978978978979,8.726878291529156e-12,635783.9416736466,6.305931165814776e-13,1.6111611273785904e-07
0.97997997997998,8.726878291529156e-12,635783.9416736466,6.23149852709872e-13,1.5921436387707793e-07
0.980980980980981,8.726878291529156e-12,635783.9416736466,6.157944460882198e-13,1.5733506248395242e-07
0.9819819819819819,8.726878291529156e-12,635783.9416736466,6.085258596853874e-13,1.554779435977327e-07
0.9829829829829829,8.726878291529156e-12,635783.9416736466,6.013430687109337e-13,1.5364274538515752e-07
0.983983983983984,8.726878291529156e-12,635783.9416736466,5.942450604706263e-13,1.5182920910353863e-07
0.984984984984985,8.726878291529156e-12,635783.9416736466,5.872308342236614e-13,1.5003707906428088e-07
0.985985985985986,8.726878291529156e-12,635783.9416736466,5.802994010415724e-13,1.4826610259683303e-07
0.986986986986987,8.726878291529156e-12,635783.9416736466,5.734497836688e-13,1.4651603001306388e-07
0.9879879879879879,8.726878291529156e-12,635783.9416736466,5.666810163849115e-13,1.4478661457205912e-07
0.988988988988989,8.726878291529156e-12,635783.9416736466,5.599921448684437e-13,1.4307761244533348e-07
0.98998998998999,8.726878291529156e-12,635783.9416736466,5.533822260623544e-13,1.4138878268245365e-07
0.990990990990991,8.726878291529156e-12,635783.9416736466,5.46850328041063e-13,1.3971988717706697e-07
0.991991991991992,8.726878291529156e-12,635783.9416736466,5.403955298790569e-13,1.38070690633331e-07
0.992992992992993,8.726878291529156e-12,635783.9416736466,5.340169215210538e-13,1.3644096053273937e-07
0.993993993993994,8.726878291529156e-12,635783.9416736466,5.277136036536913e-13,1.348304671013394e-07
0.994994994994995,8.726878291529156e-12,635783.9416736466,5.214846875787363e-13,1.332389832773363e-07
0.995995995995996,8.726878291529156e-12,635783.9416736466,5.153292950877863e-13,1.3166628467908016e-07
0.996996996996997,8.726878291529156e-12,635783.9416736466,5.092465583384528e-13,1.3011214957343046e-07
0.997997997997998,8.726878291529156e-12,635783.9416736466,5.032356197320046e-13,1.2857635884449418e-07
0.998998998998999,8.726878291529156e-12,635783.9416736466,4.972956317924561e-13,1.2705869596273297e-07
1.0,8.726878291529156e-12,635783.9416736466,4.914257570470825e-13,1.2555894695443478e-07
